TIMESTAMP,RECORD,batt_volt_Min,LithBatt_Min,PTemp_Avg,AirTemp_Avg,AirTemp_Max,AirTemp_Min,RH_Avg,RH_Max,RH_Min,Pressure
23/3/17 17:40,10542,12.78,3.437,29.82,29.07,29.1,29.04,81.7,81.8,81.6,1003
23/3/17 17:50,10543,12.74,3.437,29.8,28.97,29.01,28.93,81.4,81.6,81.2,1004
23/3/17 18:00,10544,12.73,3.437,29.76,28.84,28.9,28.78,81,81.4,80.6,1004
23/3/17 18:10,10545,12.78,3.436,29.7,28.71,28.75,28.68,81.2,81.4,81,1004
23/3/17 18:20,10546,12.8,3.435,29.65,28.62,28.65,28.58,81.2,81.3,81,1004
23/3/17 18:30,10547,12.81,3.435,29.6,28.5,28.53,28.46,81.3,81.6,81.1,1004
23/3/17 18:40,10548,12.79,3.435,29.54,28.43,28.46,28.4,81.9,82.2,81.6,1004
23/3/17 18:50,10549,12.82,3.435,29.47,28.37,28.41,28.32,81.9,82.1,81.8,1004
23/3/17 19:00,10550,12.82,3.434,29.41,28.26,28.29,28.23,82,82.2,81.8,1004
23/3/17 19:10,10551,12.82,3.434,29.34,28.17,28.21,28.14,82.4,82.6,82.3,1004
23/3/17 19:20,10552,12.83,3.433,29.28,28.09,28.12,28.06,82.6,82.7,82.6,1005
23/3/17 19:30,10553,12.83,3.433,29.22,28.03,28.06,28,82.6,82.7,82.6,1004
23/3/17 19:40,10554,12.83,3.433,29.16,27.98,28,27.96,82.7,82.8,82.7,1005
23/3/17 19:50,10555,12.83,3.433,29.1,27.95,27.96,27.94,83.1,83.3,82.8,1005
23/3/17 20:00,10556,12.83,3.433,29.03,27.91,27.93,27.88,83.3,83.3,83.3,1006
23/3/17 20:10,10557,12.83,3.433,28.99,27.86,27.89,27.84,83.5,83.6,83.3,1005
23/3/17 20:20,10558,12.83,3.433,28.93,27.73,27.78,27.68,83.9,84.1,83.7,1006
23/3/17 20:30,10559,12.83,3.433,28.87,27.59,27.65,27.54,84.3,84.5,84.1,1006
23/3/17 20:40,10560,12.83,3.433,28.8,27.45,27.49,27.4,84.6,84.7,84.5,1006
23/3/17 20:50,10561,12.83,3.432,28.74,27.36,27.4,27.33,84.8,84.9,84.5,1006
23/3/17 21:00,10562,12.83,3.432,28.66,27.31,27.32,27.3,85,85.1,84.9,1006
23/3/17 21:10,10563,12.83,3.432,28.6,27.29,27.31,27.28,85.1,85.3,85,1006
23/3/17 21:20,10564,12.83,3.431,28.54,27.24,27.28,27.21,85.5,85.7,85.4,1006
23/3/17 21:30,10565,12.83,3.432,28.47,27.15,27.2,27.12,85.8,85.9,85.7,1006
23/3/17 21:40,10566,12.83,3.432,28.4,26.99,27.09,26.88,85.3,85.9,84.2,1006
23/3/17 21:50,10567,12.83,3.431,28.32,26.72,26.83,26.59,83.3,84,82.5,1006
23/3/17 22:00,10568,12.83,3.431,28.2,26.45,26.55,26.36,82,82.3,81.8,1006
23/3/17 22:10,10569,12.83,3.432,28.07,26.22,26.32,26.12,81.5,81.7,81.4,1006
23/3/17 22:20,10570,12.83,3.431,27.94,26.03,26.09,25.97,82.1,82.5,81.7,1007
23/3/17 22:30,10571,12.83,3.431,27.8,25.85,25.94,25.77,82.6,82.7,82.5,1006
23/3/17 22:40,10572,12.83,3.43,27.66,25.67,25.74,25.61,82.8,83,82.6,1006
23/3/17 22:50,10573,12.82,3.429,27.53,25.5,25.55,25.45,83.5,83.9,83.1,1006
23/3/17 23:00,10574,12.82,3.429,27.4,25.37,25.42,25.34,83.7,84,83.2,1006
23/3/17 23:10,10575,12.82,3.428,27.28,25.23,25.3,25.18,82.7,82.9,82.4,1005
23/3/17 23:20,10576,12.82,3.429,27.15,25.16,25.18,25.13,82.9,83,82.9,1005
23/3/17 23:30,10577,12.82,3.428,27.04,25,25.04,24.96,83.2,83.6,82.4,1005
23/3/17 23:40,10578,12.82,3.428,26.94,24.99,25.01,24.97,83.7,83.9,83.6,1005
23/3/17 23:50,10579,12.82,3.428,26.86,24.99,25,24.97,84.1,84.3,83.9,1005
24/3/17 0:00,10580,12.82,3.428,26.78,25,25.02,24.97,84.5,84.6,84.5,1006
24/3/17 0:10,10581,12.82,3.428,26.71,25.01,25.02,25,84.9,85,84.7,1005
24/3/17 0:20,10582,12.82,3.428,26.66,24.97,25.01,24.93,85.4,85.5,85.1,1005
24/3/17 0:30,10583,12.82,3.427,26.6,24.95,24.95,24.93,85.7,85.8,85.6,1005
24/3/17 0:40,10584,12.82,3.428,26.55,24.94,24.95,24.93,85.9,86,85.8,1005
24/3/17 0:50,10585,12.82,3.428,26.49,24.92,24.92,24.91,86,86.1,85.9,1005
24/3/17 1:00,10586,12.82,3.427,26.45,24.92,24.92,24.91,86.2,86.4,86.1,1005
24/3/17 1:10,10587,12.82,3.427,26.41,24.87,24.89,24.84,86.6,86.8,86.4,1005
24/3/17 1:20,10588,12.81,3.427,26.36,24.84,24.86,24.83,86.9,87.1,86.8,1005
24/3/17 1:30,10589,12.82,3.427,26.33,24.83,24.85,24.82,87.1,87.1,87.1,1004
24/3/17 1:40,10590,12.82,3.427,26.29,24.86,24.86,24.85,87.2,87.3,87.1,1005
24/3/17 1:50,10591,12.81,3.427,26.27,24.87,24.87,24.86,87.4,87.6,87.3,1004
24/3/17 2:00,10592,12.81,3.427,26.25,24.87,24.87,24.85,87.6,87.6,87.6,1004
24/3/17 2:10,10593,12.81,3.427,26.23,24.88,24.89,24.87,87.6,87.6,87.5,1004
24/3/17 2:20,10594,12.81,3.427,26.22,24.89,24.91,24.88,87.3,87.4,87.1,1004
24/3/17 2:30,10595,12.81,3.427,26.2,24.89,24.91,24.87,86.9,87,86.9,1004
24/3/17 2:40,10596,12.81,3.427,26.19,24.89,24.91,24.87,86.8,86.8,86.8,1004
24/3/17 2:50,10597,12.81,3.427,26.14,24.87,24.87,24.86,86.8,86.9,86.8,1003
24/3/17 3:00,10598,12.81,3.427,26.12,24.86,24.87,24.83,87.1,87.3,86.9,1003
24/3/17 3:10,10599,12.81,3.427,26.1,24.85,24.86,24.83,87.5,87.6,87.4,1003
24/3/17 3:20,10600,12.81,3.426,26.1,24.83,24.84,24.83,87.8,87.9,87.7,1003
24/3/17 3:30,10601,12.81,3.426,26.07,24.8,24.82,24.79,88,88.1,87.9,1003
24/3/17 3:40,10602,12.81,3.427,26.04,24.83,24.83,24.82,88.1,88.1,88.1,1003
24/3/17 3:50,10603,12.81,3.427,26.04,24.83,24.84,24.8,88,88.1,87.9,1003
24/3/17 4:00,10604,12.81,3.427,26.02,24.77,24.8,24.74,87.9,87.9,87.8,1003
24/3/17 4:10,10605,12.81,3.426,25.98,24.73,24.74,24.71,87.9,88,87.8,1003
24/3/17 4:20,10606,12.81,3.426,25.97,24.69,24.7,24.67,88.2,88.3,88,1003
24/3/17 4:30,10607,12.81,3.426,25.95,24.67,24.67,24.65,88.4,88.5,88.3,1003
24/3/17 4:40,10608,12.81,3.426,25.92,24.68,24.69,24.66,88.5,88.6,88.5,1003
24/3/17 4:50,10609,12.81,3.426,25.9,24.7,24.7,24.68,88.6,88.7,88.6,1003
24/3/17 5:00,10610,12.81,3.426,25.89,24.72,24.74,24.71,88.7,88.7,88.7,1003
24/3/17 5:10,10611,12.81,3.426,25.89,24.75,24.77,24.74,88.8,88.8,88.7,1003
24/3/17 5:20,10612,12.81,3.426,25.89,24.78,24.78,24.77,88.9,88.9,88.8,1004
24/3/17 5:30,10613,12.81,3.426,25.89,24.79,24.82,24.77,88.9,88.9,88.9,1004
24/3/17 5:40,10614,12.81,3.426,25.89,24.83,24.84,24.83,88.9,88.9,88.9,1004
24/3/17 5:50,10615,12.81,3.426,25.89,24.85,24.85,24.84,88.9,89,88.9,1004
24/3/17 6:00,10616,12.81,3.426,25.89,24.86,24.87,24.83,89,89,89,1004
24/3/17 6:10,10617,12.81,3.425,25.89,24.87,24.88,24.85,89.1,89.1,89,1004
24/3/17 6:20,10618,12.81,3.425,25.89,24.86,24.86,24.85,89.2,89.3,89.1,1004
24/3/17 6:30,10619,12.81,3.426,25.89,24.86,24.87,24.84,89.3,89.3,89.2,1004
24/3/17 6:40,10620,12.81,3.425,25.89,24.87,24.87,24.85,89.2,89.3,89.2,1004
24/3/17 6:50,10621,12.81,3.426,25.89,24.88,24.88,24.87,89.2,89.3,89.2,1004
24/3/17 7:00,10622,12.81,3.427,25.89,24.92,24.93,24.89,89.3,89.3,89.2,1005
24/3/17 7:10,10623,12.81,3.425,25.9,24.95,24.96,24.92,89.3,89.4,89.3,1005
24/3/17 7:20,10624,12.81,3.426,25.92,25.01,25.03,24.99,89.4,89.4,89.4,1005
24/3/17 7:30,10625,12.81,3.425,25.94,25.08,25.1,25.05,89.4,89.4,89.3,1005
24/3/17 7:40,10626,12.81,3.426,25.96,25.12,25.14,25.11,89.3,89.3,89.3,1005
24/3/17 7:50,10627,12.81,3.425,25.99,25.18,25.21,25.14,89.2,89.2,89.2,1005
24/3/17 8:00,10628,12.81,3.426,26.02,25.25,25.28,25.22,89.1,89.2,89.1,1005
24/3/17 8:10,10629,12.81,3.425,26.06,25.32,25.35,25.28,89,89.1,88.9,1005
24/3/17 8:20,10630,12.81,3.427,26.1,25.39,25.44,25.35,88.8,88.9,88.8,1005
24/3/17 8:30,10631,12.81,3.426,26.15,25.48,25.53,25.45,88.7,88.7,88.6,1005
24/3/17 8:40,10632,12.81,3.427,26.22,25.58,25.62,25.54,88.4,88.5,88.3,1006
24/3/17 8:50,10633,12.81,3.426,26.26,25.68,25.72,25.63,88.2,88.3,88.1,1006
24/3/17 9:00,10634,12.81,3.426,26.31,25.81,25.87,25.76,88,88.1,87.9,1006
24/3/17 9:10,10635,12.81,3.427,26.39,25.93,25.99,25.88,87.6,87.8,87.5,1006
24/3/17 9:20,10636,12.81,3.427,26.46,26.06,26.11,26,87.2,87.4,87,1006
24/3/17 9:30,10637,12.81,3.427,26.54,26.22,26.3,26.15,86.9,86.9,86.8,1006
24/3/17 9:40,10638,12.81,3.427,26.65,26.43,26.52,26.35,86.6,86.8,86.3,1006
24/3/17 9:50,10639,12.81,3.427,26.76,26.62,26.7,26.57,86.1,86.2,86,1006
24/3/17 10:00,10640,12.81,3.428,26.86,26.82,26.9,26.73,85.8,86,85.7,1006
24/3/17 10:10,10641,12.8,3.427,26.97,27.05,27.19,26.94,85.4,85.6,85.2,1006
24/3/17 10:20,10642,12.81,3.428,27.11,27.38,27.5,27.25,85,85.3,84.6,1006
24/3/17 10:30,10643,12.81,3.427,27.28,27.67,27.76,27.57,83.4,84.5,82.6,1006
24/3/17 10:40,10644,12.81,3.429,27.44,27.88,27.96,27.8,82.2,82.3,82.1,1006
24/3/17 10:50,10645,12.81,3.429,27.58,28.03,28.05,27.99,81.6,82,80.7,1005
24/3/17 11:00,10646,12.81,3.429,27.71,28.11,28.14,28.06,80.6,80.7,80.6,1006
24/3/17 11:10,10647,12.81,3.429,27.83,28.19,28.22,28.16,80.6,80.7,80.6,1005
24/3/17 11:20,10648,12.81,3.429,27.93,28.31,28.4,28.23,80.5,80.8,80.2,1005
24/3/17 11:30,10649,12.82,3.43,28.04,28.52,28.57,28.46,80,80.2,79.9,1005
24/3/17 11:40,10650,12.82,3.43,28.17,28.69,28.74,28.6,79.66,79.82,79.5,1005
24/3/17 11:50,10651,12.82,3.431,28.28,28.74,28.76,28.73,79.41,79.5,79.26,1005
24/3/17 12:00,10652,12.82,3.431,28.37,28.72,28.73,28.71,79.33,79.46,79.17,1005
24/3/17 12:10,10653,12.82,3.429,28.45,28.68,28.69,28.66,79.12,79.25,78.99,1004
24/3/17 12:20,10654,12.82,3.431,28.53,28.69,28.7,28.68,79.35,79.4,79.31,1005
24/3/17 12:30,10655,12.82,3.431,28.6,28.73,28.76,28.71,79.09,79.38,78.86,1004
24/3/17 12:40,10656,12.82,3.431,28.66,28.79,28.82,28.76,78.54,78.86,78.34,1004
24/3/17 12:50,10657,12.82,3.431,28.74,28.86,28.88,28.84,77.93,78.38,77.65,1004
24/3/17 13:00,10658,12.82,3.432,28.8,28.92,28.96,28.9,77.67,77.81,77.6,1004
24/3/17 13:10,10659,12.82,3.432,28.87,28.99,29.03,28.96,77.26,77.41,77.12,1004
24/3/17 13:20,10660,12.82,3.432,28.95,29.11,29.15,29.06,76.98,77.14,76.71,1004
24/3/17 13:30,10661,12.82,3.432,29.02,29.21,29.26,29.16,76.4,76.55,76.33,1003
24/3/17 13:40,10662,12.82,3.432,29.14,29.34,29.4,29.3,75.89,76.24,75.34,1004
24/3/17 13:50,10663,12.82,3.432,29.22,29.43,29.48,29.4,75.48,75.55,75.29,1003
24/3/17 14:00,10664,12.82,3.432,29.31,29.51,29.54,29.48,75.28,75.39,74.98,1003
24/3/17 14:10,10665,12.82,3.432,29.38,29.55,29.58,29.54,74.31,74.86,73.95,1003
24/3/17 14:20,10666,12.82,3.432,29.44,29.57,29.57,29.56,73.32,73.68,72.96,1003
24/3/17 14:30,10667,12.82,3.432,29.49,29.54,29.56,29.51,72.08,72.87,71.03,1003
24/3/17 14:40,10668,12.82,3.432,29.53,29.46,29.49,29.41,71.06,71.34,70.93,1003
24/3/17 14:50,10669,12.81,3.433,29.55,29.4,29.42,29.38,70.85,71.28,70.34,1002
24/3/17 15:00,10670,12.81,3.432,29.58,29.38,29.4,29.37,71.21,71.79,70.82,1003
24/3/17 15:10,10671,12.82,3.432,29.61,29.43,29.46,29.41,72.32,72.61,72,1003
24/3/17 15:20,10672,12.82,3.433,29.63,29.51,29.54,29.47,72.7,72.83,72.49,1003
24/3/17 15:30,10673,12.82,3.433,29.68,29.58,29.6,29.56,72.43,72.69,72.27,1002
24/3/17 15:40,10674,12.82,3.433,29.71,29.61,29.62,29.6,72.79,73.02,72.49,1003
24/3/17 15:50,10675,12.82,3.433,29.74,29.57,29.6,29.53,73.32,73.49,73.12,1003
24/3/17 16:00,10676,12.82,3.433,29.75,29.48,29.51,29.45,73.44,73.56,73.28,1003
24/3/17 16:10,10677,12.82,3.433,29.75,29.41,29.46,29.38,73.81,74.09,73.6,1002
24/3/17 16:20,10678,12.79,3.433,29.72,29.32,29.36,29.27,73.22,73.84,72.94,1003
24/3/17 16:30,10679,12.82,3.433,29.72,29.2,29.24,29.16,73.12,73.24,72.98,1002
24/3/17 16:40,10680,12.81,3.433,29.7,29.1,29.14,29.06,73.44,73.52,73.36,1003
24/3/17 16:50,10681,12.82,3.433,29.66,29.02,29.04,29.01,73.79,74.19,73.52,1002
24/3/17 17:00,10682,12.81,3.432,29.63,28.97,28.99,28.96,74.62,75.25,74.22,1003
24/3/17 17:10,10683,12.82,3.432,29.62,28.95,28.97,28.94,75.2,75.28,75.07,1003
24/3/17 17:20,10684,12.81,3.433,29.59,28.95,28.96,28.94,74.83,74.9,74.78,1003
24/3/17 17:30,10685,12.82,3.432,29.58,29.02,29.1,28.97,74.87,75.11,74.6,1003
26/3/17 6:40,10686,13.42,3.434,26.47,25.79,25.9,25.67,71.26,71.6,70.99,1004
26/3/17 6:50,10687,13.07,3.439,26.54,26.01,26.07,25.96,70.74,70.97,70.42,1004
26/3/17 7:00,10688,12.8,3.445,26.66,26.15,26.2,26.11,69.82,70.19,69.49,1004
26/3/17 7:10,10689,12.74,3.446,26.8,26.28,26.35,26.23,69,69.41,68.71,1004
26/3/17 7:20,10690,12.8,3.447,26.89,26.41,26.49,26.36,68.19,68.53,67.89,1004
26/3/17 7:30,10691,12.84,3.447,26.99,26.59,26.67,26.5,67.24,67.53,66.96,1004
26/3/17 7:40,10692,12.85,3.448,27.09,26.75,26.81,26.69,66.35,66.63,66.07,1004
26/3/17 7:50,10693,12.86,3.448,27.21,26.94,27.02,26.86,65.79,66.11,65.56,1004
26/3/17 8:00,10694,12.86,3.449,27.34,27.13,27.18,27.06,65.54,65.68,65.43,1004
26/3/17 8:10,10695,12.86,3.45,27.5,27.33,27.42,27.23,65.53,65.87,65.19,1005
26/3/17 8:20,10696,12.86,3.45,27.68,27.57,27.69,27.46,64.69,64.99,64.48,1005
26/3/17 8:30,10697,12.86,3.451,27.86,27.83,27.93,27.74,63.71,64.21,63.5,1004
26/3/17 8:40,10698,12.86,3.45,28.07,28.07,28.21,27.96,62.88,63.17,62.44,1004
26/3/17 8:50,10699,12.86,3.45,28.33,28.49,28.59,28.32,61.61,62.12,61.08,1005
27/3/17 5:50,10700,12.91,3.438,26.88,25.7,25.98,25.42,78.17,79.56,76.78,1004
27/3/17 6:00,10701,12.84,3.441,26.8,25.47,25.6,25.37,78.95,79.61,78.3,1004
27/3/17 6:10,10702,12.81,3.446,26.6,25.41,25.53,25.33,79.24,79.68,78.68,1003
27/3/17 6:20,10703,12.81,3.447,26.49,25.56,25.63,25.51,78.86,79.09,78.61,1003
27/3/17 6:30,10704,12.84,3.448,26.45,25.56,25.6,25.53,79.08,79.43,78.79,1003
27/3/17 6:40,10705,12.84,3.448,26.39,25.66,25.69,25.62,78.62,78.78,78.34,1003
27/3/17 6:50,10706,12.85,3.449,26.34,25.71,25.77,25.65,78.78,79.18,78.45,1003
27/3/17 7:00,10707,12.85,3.45,26.33,25.66,25.68,25.63,78.95,79.3,78.63,1004
27/3/17 7:10,10708,12.84,3.45,26.36,25.69,25.82,25.56,79.36,79.85,78.83,1003
27/3/17 7:20,10709,12.84,3.45,26.41,25.79,25.91,25.6,79,80.1,78.54,1004
27/3/17 7:30,10710,12.83,3.45,26.5,25.99,26.04,25.88,78.62,79.25,78.18,1003
27/3/17 7:40,10711,12.83,3.45,26.61,26,26.07,25.94,78.44,78.98,77.67,1004
27/3/17 7:50,10712,12.83,3.451,26.69,26.17,26.23,26.06,77.33,77.72,76.86,1004
27/3/17 8:00,10713,12.83,3.45,26.78,26.4,26.44,26.35,76.37,76.68,76.02,1004
27/3/17 8:10,10714,12.83,3.451,26.89,26.55,26.65,26.48,75.62,75.97,75.16,1004
27/3/17 8:20,10715,12.83,3.45,27.03,26.72,26.79,26.66,75.58,75.8,75.42,1004
27/3/17 8:30,10716,12.82,3.45,27.18,26.92,27.02,26.84,75.2,75.81,74.41,1004
27/3/17 8:40,10717,12.82,3.451,27.37,27.11,27.22,26.94,74.67,75.09,74.11,1004
27/3/17 8:50,10718,12.82,3.452,27.56,27.27,27.32,27.22,74.55,75.15,74.12,1004
27/3/17 9:00,10719,12.82,3.453,27.76,27.38,27.46,27.29,74.31,75.22,73.7,1004
27/3/17 9:10,10720,12.82,3.453,27.97,27.7,27.92,27.54,73.8,74.07,73.46,1004
27/3/17 9:20,10721,12.82,3.454,28.24,28.02,28.13,27.8,72.68,74.03,71.91,1005
27/3/17 9:30,10722,12.82,3.454,28.6,28.53,28.72,28.24,71.83,73.07,70.4,1004
27/3/17 9:40,10723,12.82,3.455,29.1,28.71,28.87,28.63,71.52,73.54,70.57,1004
27/3/17 9:50,10724,12.83,3.456,29.58,28.73,28.85,28.64,72.53,74.16,71.51,1004
27/3/17 10:00,10725,12.83,3.455,29.91,28.7,28.85,28.59,71.44,72.47,70.7,1004
27/3/17 10:10,10726,12.83,3.458,30.16,28.94,29.07,28.78,71.34,71.94,70.68,1004
27/3/17 10:20,10727,12.83,3.458,30.41,28.83,29.02,28.57,71.42,73.54,70.27,1004
27/3/17 10:30,10728,12.83,3.458,30.51,28.77,28.88,28.62,71.52,72.58,70.76,1004
27/3/17 10:40,10729,12.83,3.458,30.58,28.98,29.06,28.86,72.09,73.26,70.8,1004
27/3/17 10:50,10730,12.82,3.458,30.65,28.99,29.03,28.95,71.53,72.31,70.15,1004
27/3/17 11:00,10731,12.83,3.458,30.73,28.92,28.98,28.85,71.31,72.03,70.54,1004
27/3/17 11:10,10732,12.83,3.458,30.68,28.94,29.06,28.87,71.35,71.87,70.27,1003
27/3/17 11:20,10733,12.83,3.458,30.64,29,29.07,28.92,71.43,72.64,70.86,1003
27/3/17 11:30,10734,12.82,3.458,30.64,29.17,29.27,29.08,70.98,71.71,70.44,1002
27/3/17 11:40,10735,12.83,3.458,30.69,29.44,29.46,29.38,70.7,72.46,69.51,1003
27/3/17 11:50,10736,12.82,3.458,30.77,29.45,29.56,29.32,70.89,71.99,70.36,1002
27/3/17 12:00,10737,12.83,3.458,30.82,29.42,29.5,29.36,70.42,70.88,69.91,1002
27/3/17 12:10,10738,12.82,3.458,30.82,29.39,29.45,29.33,71.37,71.99,70.36,1002
27/3/17 12:20,10739,12.83,3.457,30.81,29.3,29.36,29.23,70.95,71.51,70.48,1002
27/3/17 12:30,10740,12.82,3.457,30.77,29.37,29.44,29.29,71.34,71.81,70.83,1002
27/3/17 12:40,10741,12.83,3.457,30.74,29.51,29.6,29.44,71.08,71.68,70.35,1002
27/3/17 12:50,10742,12.81,3.458,30.74,29.54,29.64,29.47,70.32,70.57,69.98,1001
27/3/17 13:00,10743,12.82,3.458,30.74,29.59,29.63,29.57,70.2,71.07,69.3,1001
27/3/17 13:10,10744,12.82,3.458,30.74,29.7,29.73,29.68,69.73,70.31,68.97,1001
27/3/17 13:20,10745,12.82,3.457,30.78,29.76,29.82,29.72,69.53,69.8,68.93,1001
27/3/17 13:30,10746,12.81,3.458,30.81,29.85,29.91,29.8,69.39,69.85,69.04,1000
27/3/17 13:40,10747,12.82,3.458,30.82,29.88,29.91,29.86,69.12,69.74,68.62,1001
27/3/17 13:50,10748,12.81,3.458,30.84,29.85,29.89,29.81,68.92,69.24,68.25,1000
27/3/17 14:00,10749,12.81,3.458,30.86,29.82,29.86,29.76,69.15,69.68,68.54,1000
27/3/17 14:10,10750,12.82,3.458,30.86,29.67,29.71,29.59,69.84,70.7,68.94,1000
27/3/17 14:20,10751,12.82,3.458,30.82,29.48,29.62,29.32,69.63,70.23,69.05,1001
27/3/17 14:30,10752,12.82,3.458,30.71,29.32,29.4,29.24,70.43,70.92,69.89,1001
27/3/17 14:40,10753,12.81,3.458,30.6,29.26,29.31,29.2,70.81,71.75,70.3,1000
27/3/17 14:50,10754,12.81,3.457,30.51,29.22,29.31,29.18,71.47,71.82,70.82,1000
27/3/17 15:00,10755,12.81,3.457,30.44,29.2,29.27,29.15,71.67,71.96,71.09,1000
27/3/17 15:10,10756,12.81,3.457,30.38,29.31,29.38,29.23,70.59,70.83,70.31,1000
27/3/17 15:20,10757,12.81,3.457,30.32,29.31,29.36,29.28,70.54,71.26,69.76,1000
27/3/17 15:30,10758,12.81,3.457,30.27,29.21,29.29,29.18,70.95,71.12,70.65,1000
27/3/17 15:40,10759,12.81,3.457,30.22,29.24,29.3,29.18,70.1,70.61,69.48,1000
27/3/17 15:50,10760,12.81,3.455,30.16,29.22,29.25,29.2,69.57,69.92,69.28,1000
27/3/17 16:00,10761,12.8,3.455,30.14,29.25,29.31,29.17,69.51,69.76,68.78,1000
27/3/17 16:10,10762,12.81,3.455,30.1,29.19,29.25,29.15,70.08,70.36,69.56,1000
27/3/17 16:20,10763,12.79,3.456,30.06,29.33,29.38,29.29,69.21,69.7,68.91,999
27/3/17 16:30,10764,12.8,3.455,30.05,29.36,29.45,29.3,69.11,69.52,68.78,1000
27/3/17 16:40,10765,12.8,3.456,30.02,29.3,29.36,29.22,68.78,69.38,68.27,1000
27/3/17 16:50,10766,12.8,3.455,30,29.26,29.32,29.2,68.74,69.01,68.36,999
27/3/17 17:00,10767,12.79,3.456,29.97,29.24,29.27,29.22,68.96,69.16,68.74,1000
27/3/17 17:10,10768,12.8,3.456,29.93,29.24,29.37,29.2,68.84,69.4,67.82,1000
27/3/17 17:20,10769,12.8,3.456,29.89,29.56,29.69,29.44,66.93,67.66,66.38,1000
27/3/17 17:30,10770,12.8,3.456,29.92,29.69,29.82,29.6,65.31,66.06,64.88,1000
27/3/17 17:40,10771,12.8,3.454,29.95,29.77,29.86,29.56,64.68,65.59,64.16,1000
27/3/17 17:50,10772,12.8,3.455,29.98,29.66,29.72,29.55,65.31,65.53,65.09,1000
27/3/17 18:00,10773,12.8,3.456,29.98,29.54,29.64,29.45,65.88,66.4,65.33,1000
27/3/17 18:10,10774,12.8,3.455,29.96,29.61,29.67,29.58,65.23,65.51,64.9,1000
27/3/17 18:20,10775,12.8,3.455,29.95,29.57,29.6,29.56,65.45,65.87,65.14,1001
27/3/17 18:30,10776,12.8,3.456,29.95,29.44,29.56,29.33,66.42,67.02,65.65,1000
27/3/17 18:40,10777,12.8,3.455,29.91,27.92,29.18,26.59,74.89,81.9,67.79,1001
27/3/17 18:50,10778,12.8,3.454,29.52,26.45,26.65,26.32,82.7,83.6,81.8,1000
27/3/17 19:00,10779,12.8,3.454,28.97,26.93,27.12,26.59,80.1,81.5,79.05,1001
27/3/17 19:10,10780,12.8,3.453,28.59,27.08,27.13,26.97,78.9,79.65,78.35,1001
27/3/17 19:20,10781,12.79,3.453,28.35,27.4,27.53,27.24,76.86,77.97,76.18,1000
27/3/17 19:30,10782,12.79,3.452,28.22,27.28,27.41,27.22,77.21,77.61,76.48,1001
27/3/17 19:40,10783,12.79,3.451,28.13,27.44,27.7,27.29,76.42,76.98,75.13,1000
27/3/17 19:50,10784,12.79,3.451,28.08,27.61,27.71,27.52,75.44,75.93,75.04,1001
27/3/17 20:00,10785,12.79,3.452,28.07,27.91,28.15,27.8,73.74,74.29,72.84,1000
27/3/17 20:10,10786,12.79,3.452,28.11,28.17,28.26,28.07,72.28,72.76,71.96,1001
27/3/17 20:20,10787,12.79,3.452,28.2,28.32,28.34,28.29,71.86,72.16,71.58,1001
27/3/17 20:30,10788,12.79,3.451,28.29,28.41,28.56,28.32,71,71.74,70.1,1001
27/3/17 20:40,10789,12.79,3.453,28.39,28.45,28.54,28.37,70.64,71.18,70.25,1001
27/3/17 20:50,10790,12.79,3.451,28.47,28.35,28.42,28.32,71.04,71.32,70.38,1000
27/3/17 21:00,10791,12.79,3.453,28.52,28.34,28.44,28.28,71.02,71.4,70.59,1001
27/3/17 21:10,10792,12.79,3.452,28.55,28.23,28.38,28.07,71.64,72.17,71,1001
27/3/17 21:20,10793,12.79,3.453,28.54,28.15,28.32,28.04,71.9,72.37,71.55,1001
27/3/17 21:30,10794,12.79,3.452,28.53,28.36,28.42,28.24,70.81,71.66,70.16,1000
27/3/17 21:40,10795,12.79,3.453,28.54,28.59,28.7,28.53,69.71,70.02,69.43,1001
27/3/17 21:50,10796,12.79,3.452,28.6,28.49,28.69,28.31,70.22,71.29,69.52,1001
27/3/17 22:00,10797,12.79,3.452,28.63,28.4,28.46,28.31,70.37,70.6,70.08,1001
27/3/17 22:10,10798,12.79,3.453,28.66,28.47,28.53,28.41,70.12,70.38,69.95,1001
27/3/17 22:20,10799,12.79,3.452,28.66,28.12,28.24,28,71.83,72.1,71.48,1001
27/3/17 22:30,10800,12.79,3.452,28.62,28,28.05,27.94,72.28,72.68,72.06,1001
27/3/17 22:40,10801,12.79,3.452,28.58,27.94,28,27.88,72.85,73.04,72.72,1001
27/3/17 22:50,10802,12.79,3.452,28.51,27.78,27.96,27.59,73.63,74.57,72.98,1001
27/3/17 23:00,10803,12.78,3.452,28.42,27.73,27.88,27.65,73.82,74.2,73.26,1000
27/3/17 23:10,10804,12.79,3.452,28.36,27.67,27.76,27.6,73.98,74.43,73.39,1000
27/3/17 23:20,10805,12.79,3.451,28.29,27.64,27.77,27.52,73.99,74.47,73.27,1000
27/3/17 23:30,10806,12.79,3.451,28.24,27.82,28.04,27.62,72.82,73.75,71.63,999
27/3/17 23:40,10807,12.79,3.451,28.23,27.84,28.04,27.75,72.59,73.13,71.71,999
27/3/17 23:50,10808,12.79,3.451,28.23,27.83,27.92,27.74,72.69,73.19,72.23,999
28/3/17 0:00,10809,12.79,3.452,28.23,27.88,27.96,27.76,72.09,72.71,71.82,1000
28/3/17 0:10,10810,12.79,3.452,28.23,27.8,27.91,27.68,72.51,73.61,71.84,999
28/3/17 0:20,10811,12.79,3.452,28.21,27.48,27.52,27.45,74.17,74.46,73.82,998
28/3/17 0:30,10812,12.79,3.451,28.14,27.41,27.6,27.25,74.47,75.24,73.51,999
28/3/17 0:40,10813,12.79,3.451,28.07,27.57,27.7,27.43,73.38,73.98,72.87,999
28/3/17 0:50,10814,12.79,3.451,28.04,27.71,27.76,27.66,72.63,72.96,72.41,998
28/3/17 1:00,10815,12.79,3.451,28.03,27.46,27.56,27.39,73.67,74.03,73.14,998
28/3/17 1:10,10816,12.79,3.451,28.01,27.43,27.5,27.32,73.91,74.7,73.46,998
28/3/17 1:20,10817,12.79,3.451,27.94,26.67,27.01,26.37,78.28,79.99,76.52,998
28/3/17 1:30,10818,12.78,3.45,27.74,26.36,26.43,26.29,80.1,80.7,79.8,998
28/3/17 1:40,10819,12.79,3.45,27.51,26.51,26.69,26.3,78.75,79.97,77.73,998
28/3/17 1:50,10820,12.78,3.45,27.36,26.59,26.65,26.5,78.36,78.75,77.87,998
28/3/17 2:00,10821,12.78,3.449,27.26,26.71,26.82,26.59,77.67,78.73,77.07,998
28/3/17 2:10,10822,12.78,3.449,27.2,26.81,26.92,26.72,77,77.33,76.72,997
28/3/17 2:20,10823,12.79,3.45,27.19,27.03,27.06,26.99,75.77,76.02,75.39,997
28/3/17 2:30,10824,12.79,3.448,27.23,26.73,27.03,26.29,77.4,79.46,75.79,997
28/3/17 2:40,10825,12.79,3.449,27.18,26.15,26.29,26.02,80.5,81.2,79.66,997
28/3/17 2:50,10826,12.79,3.449,27.03,26.05,26.13,25.97,81,81.6,80.7,996
28/3/17 3:00,10827,12.78,3.449,26.87,25.65,25.81,25.51,83.1,83.6,81.9,996
28/3/17 3:10,10828,12.78,3.448,26.7,25.48,25.7,25.4,83.7,84.2,82.5,997
28/3/17 3:20,10829,12.78,3.448,26.51,25.21,25.28,25.15,85.5,86.1,85.2,997
28/3/17 3:30,10830,12.78,3.446,26.31,25.22,25.28,25.18,85.3,85.8,85,996
28/3/17 3:40,10831,12.78,3.446,26.14,25.15,25.24,25.01,85.6,86.5,85,996
28/3/17 3:50,10832,12.78,3.446,26,25.08,25.09,25.08,85.9,86.1,85.6,996
28/3/17 4:00,10833,12.78,3.447,25.89,25.11,25.24,24.97,85.5,86,84.9,996
28/3/17 4:10,10834,12.78,3.446,25.82,25.32,25.46,25.22,84.4,85.1,83.6,996
28/3/17 4:20,10835,12.78,3.446,25.78,25.24,25.29,25.18,84.8,85.3,84.2,996
28/3/17 4:30,10836,12.77,3.446,25.73,25.46,25.54,25.38,83.3,83.8,82.8,996
28/3/17 4:40,10837,12.77,3.447,25.75,25.61,25.75,25.54,82.6,83,81.8,996
28/3/17 4:50,10838,12.78,3.446,25.79,25.48,25.57,25.44,83.2,83.7,82.8,996
28/3/17 5:00,10839,12.77,3.447,25.8,25.69,25.74,25.63,82,82.3,81.7,996
28/3/17 5:10,10840,12.77,3.446,25.84,25.76,25.8,25.72,81.6,82,81.3,996
28/3/17 5:20,10841,12.77,3.446,25.9,25.89,25.97,25.79,80.8,81.4,80.4,996
28/3/17 5:30,10842,12.77,3.447,25.96,25.88,25.93,25.83,81,81.5,80.5,996
28/3/17 5:40,10843,12.77,3.447,26.02,25.92,26,25.84,80.6,81,80,996
28/3/17 5:50,10844,12.77,3.446,26.06,25.93,25.99,25.87,80.6,81,80.2,996
28/3/17 6:00,10845,12.77,3.446,26.07,25.61,25.78,25.27,82.2,84.4,81.1,996
28/3/17 6:10,10846,12.77,3.446,26.01,25.05,25.2,24.86,85.7,86.5,84.7,996
28/3/17 6:20,10847,12.77,3.446,25.86,24.83,24.95,24.74,86.9,87.7,86.4,996
28/3/17 6:30,10848,12.77,3.446,25.67,24.65,24.79,24.54,88,88.8,87.4,996
28/3/17 6:40,10849,12.77,3.446,25.48,24.53,24.65,24.43,88.6,89.1,88.1,996
28/3/17 6:50,10850,12.76,3.444,25.31,24.36,24.43,24.26,89.5,90.4,89,995
28/3/17 7:00,10851,12.76,3.444,25.13,24.25,24.42,24.15,90.5,91.1,89.5,995
28/3/17 7:10,10852,12.76,3.444,24.99,24.33,24.41,24.27,90,90.3,89.5,996
28/3/17 7:20,10853,12.77,3.444,24.89,24.51,24.57,24.47,89.3,89.7,89,996
28/3/17 7:30,10854,12.77,3.444,24.84,24.35,24.4,24.32,90.3,90.7,89.6,996
28/3/17 7:40,10855,12.77,3.444,24.79,24.47,24.53,24.43,89.8,90.1,89.5,996
28/3/17 7:50,10856,12.77,3.444,24.78,24.38,24.44,24.32,90.5,90.8,90,996
28/3/17 8:00,10857,12.76,3.444,24.74,24.3,24.35,24.24,90.9,91.3,90.3,996
28/3/17 8:10,10858,12.77,3.444,24.7,24.37,24.47,24.25,90.8,91.6,90.2,996
28/3/17 8:20,10859,12.77,3.444,24.66,24.46,24.57,24.37,90.4,91,89.7,996
28/3/17 8:30,10860,12.76,3.444,24.66,24.42,24.56,24.32,90.8,91.4,89.9,996
28/3/17 8:40,10861,12.76,3.444,24.66,24.38,24.42,24.32,91.1,91.5,90.5,996
28/3/17 8:50,10862,12.76,3.444,24.66,24.29,24.43,24.17,91.7,92.4,90.9,996
28/3/17 9:00,10863,12.76,3.444,24.67,24.32,24.39,24.19,91.7,92.3,91.4,996
28/3/17 9:10,10864,12.76,3.444,24.7,24.48,24.62,24.41,91.2,91.6,90.6,996
28/3/17 9:20,10865,12.76,3.444,24.73,24.47,24.48,24.43,91.6,92.1,91.1,996
28/3/17 9:30,10866,12.76,3.444,24.77,24.46,24.49,24.38,91.5,91.7,91.1,996
28/3/17 9:40,10867,12.76,3.444,24.79,24.5,24.65,24.4,91.4,91.8,90.7,995
28/3/17 9:50,10868,12.76,3.444,24.86,24.8,24.91,24.67,89.9,90.7,89.2,995
28/3/17 10:00,10869,12.76,3.444,24.94,25,25.24,24.89,89.1,90.2,88,995
28/3/17 10:10,10870,12.76,3.444,25.05,25.27,25.35,25.18,87.9,88.1,87.6,995
28/3/17 10:20,10871,12.76,3.445,25.17,25.28,25.36,25.18,87.8,88.4,87.4,995
28/3/17 10:30,10872,12.76,3.444,25.27,25.22,25.28,25.13,88.4,89.2,88,995
28/3/17 10:40,10873,12.76,3.445,25.36,25.57,25.67,25.43,87.1,87.6,86.3,995
28/3/17 10:50,10874,12.76,3.444,25.48,25.72,25.84,25.64,86.2,86.7,85.8,994
28/3/17 11:00,10875,12.76,3.445,25.62,26,26.18,25.89,84.4,85,83.3,994
28/3/17 11:10,10876,12.76,3.447,25.79,26.12,26.19,26.05,84.4,85.4,83.9,994
28/3/17 11:20,10877,12.76,3.447,25.99,26.52,26.65,26.39,82.7,83.2,82.3,994
28/3/17 11:30,10878,12.76,3.447,26.23,26.55,26.6,26.41,82.9,83.3,82.4,993
28/3/17 11:40,10879,12.76,3.447,26.47,26.63,26.68,26.58,82.5,82.8,82.1,993
28/3/17 11:50,10880,12.76,3.448,26.66,26.67,26.76,26.61,82,82.7,81.1,993
28/3/17 12:00,10881,12.76,3.447,26.84,26.99,27.08,26.9,80.8,81.2,80.6,993
28/3/17 12:10,10882,12.76,3.448,27.02,26.79,27.04,26.68,82.5,82.8,81.8,992
28/3/17 12:20,10883,12.76,3.449,27.11,26.71,26.86,26.58,82.2,83.1,81.2,992
28/3/17 12:30,10884,12.76,3.448,27.18,27.07,27.13,26.98,80.8,81.1,80.5,993
28/3/17 12:40,10885,12.76,3.448,27.28,27.37,27.55,27.28,79.81,80.4,78.67,992
28/3/17 12:50,10886,12.77,3.449,27.47,27.62,27.66,27.58,78.61,79.26,77.81,991
28/3/17 13:00,10887,12.77,3.448,27.66,27.63,27.68,27.58,77.66,78.17,77.18,992
28/3/17 13:10,10888,12.77,3.449,27.82,27.69,27.77,27.61,77.21,77.7,76.54,992
28/3/17 13:20,10889,12.77,3.449,27.97,27.72,27.8,27.68,76.76,77.38,76.39,992
28/3/17 13:30,10890,12.77,3.449,28.09,27.82,27.84,27.81,76.03,76.33,75.59,991
28/3/17 13:40,10891,12.77,3.45,28.2,27.69,27.78,27.61,76.23,76.9,75.46,991
28/3/17 13:50,10892,12.77,3.45,28.25,27.69,27.75,27.6,75.89,76.22,75.66,991
28/3/17 14:00,10893,12.77,3.45,28.32,27.83,27.88,27.78,75.29,75.56,74.99,991
28/3/17 14:10,10894,12.77,3.45,28.38,27.75,27.79,27.68,76.05,76.56,75.23,991
28/3/17 14:20,10895,12.77,3.451,28.41,27.76,27.84,27.63,76.38,76.99,75.41,991
28/3/17 14:30,10896,12.77,3.451,28.47,27.82,27.86,27.79,75.35,75.67,75.16,990
28/3/17 14:40,10897,12.77,3.452,28.49,27.85,27.91,27.79,75.67,76.18,75.31,991
28/3/17 14:50,10898,12.75,3.45,28.52,27.89,27.96,27.82,75.08,75.88,74.5,990
28/3/17 15:00,10899,12.77,3.451,28.53,27.89,27.97,27.84,75.16,75.5,74.58,990
28/3/17 15:10,10900,12.77,3.45,28.52,27.78,27.89,27.7,75.94,76.63,75.1,991
28/3/17 15:20,10901,12.77,3.45,28.46,27.47,27.58,27.38,76.97,77.64,76.67,991
28/3/17 15:30,10902,12.77,3.45,28.38,27.59,27.68,27.53,76.08,76.68,75.33,991
28/3/17 15:40,10903,12.77,3.45,28.35,27.72,27.75,27.67,75.63,76.1,75.31,991
28/3/17 15:50,10904,12.77,3.451,28.32,27.41,27.7,27.21,77.19,77.96,76.07,991
28/3/17 16:00,10905,12.77,3.45,28.25,27.61,27.69,27.48,75.74,76.32,75.3,991
28/3/17 16:10,10906,12.77,3.451,28.23,27.79,27.88,27.75,74.57,74.79,74.07,990
28/3/17 16:20,10907,12.77,3.45,28.23,27.66,27.77,27.54,75.29,75.83,74.55,990
28/3/17 16:30,10908,12.77,3.45,28.16,26.74,27.34,26.34,80.5,82.3,77.43,991
28/3/17 16:40,10909,12.76,3.449,27.94,26.1,26.31,25.98,84.2,85,83,991
28/3/17 16:50,10910,12.76,3.449,27.63,26.08,26.14,25.96,84.3,84.7,84.2,991
28/3/17 17:00,10911,12.76,3.449,27.33,25.75,25.92,25.54,86.3,87.8,85.1,991
28/3/17 17:10,10912,12.76,3.447,27.03,25.69,25.72,25.62,86.4,86.7,85.9,991
28/3/17 17:20,10913,12.75,3.447,26.78,25.82,25.93,25.71,85.6,86.2,85.1,991
28/3/17 17:30,10914,12.75,3.447,26.6,25.65,25.78,25.53,86.6,87.1,86.3,991
28/3/17 17:40,10915,12.76,3.446,26.44,25.38,25.54,25.22,88.2,89,87.4,991
28/3/17 17:50,10916,12.76,3.447,26.26,25.18,25.22,25.13,89.3,89.6,88.9,991
28/3/17 18:00,10917,12.75,3.446,26.06,25.03,25.16,24.92,89.8,90.8,89.3,991
28/3/17 18:10,10918,12.75,3.445,25.92,25.05,25.1,25.02,89.7,89.8,89.4,991
28/3/17 18:20,10919,12.75,3.445,25.78,25.04,25.12,24.97,89.6,90,89.2,991
28/3/17 18:30,10920,12.75,3.445,25.71,25.29,25.41,25.19,88.1,88.7,87.7,991
28/3/17 18:40,10921,12.75,3.445,25.67,25.47,25.58,25.38,87,87.3,86.6,992
28/3/17 18:50,10922,12.75,3.445,25.68,25.48,25.55,25.39,87,87.6,86.6,991
28/3/17 19:00,10923,12.75,3.445,25.7,25.55,25.63,25.47,86.6,87.1,86.1,991
28/3/17 19:10,10924,12.75,3.444,25.72,25.49,25.61,25.32,86.8,87.8,86.2,992
28/3/17 19:20,10925,12.75,3.445,25.69,25.36,25.44,25.26,87.3,87.9,86.8,992
28/3/17 19:30,10926,12.74,3.444,25.64,25.25,25.42,25.18,88.3,88.6,87.4,992
28/3/17 19:40,10927,12.74,3.445,25.58,25.41,25.44,25.33,87.3,87.6,86.9,992
28/3/17 19:50,10928,12.75,3.444,25.54,25.22,25.37,25.07,88.1,89.2,87.2,992
28/3/17 20:00,10929,12.75,3.444,25.47,25.04,25.12,24.94,89.2,89.7,88.8,993
28/3/17 20:10,10930,12.75,3.445,25.41,24.95,25.03,24.91,89.7,90,89.1,992
28/3/17 20:20,10931,12.74,3.444,25.34,25.02,25.18,24.92,89.4,89.8,88.4,992
28/3/17 20:30,10932,12.74,3.444,25.27,25.15,25.19,25.09,88.5,88.8,88.4,992
28/3/17 20:40,10933,12.74,3.444,25.25,25.23,25.28,25.19,88,88.2,87.6,992
28/3/17 20:50,10934,12.74,3.444,25.23,25.27,25.33,25.19,87.7,88,87.5,992
28/3/17 21:00,10935,12.74,3.444,25.23,25.34,25.44,25.25,87.2,87.5,86.7,992
28/3/17 21:10,10936,12.74,3.444,25.25,25.33,25.41,25.27,87.3,87.7,87,993
28/3/17 21:20,10937,12.74,3.444,25.25,25.27,25.32,25.19,87.5,87.8,87.1,993
28/3/17 21:30,10938,12.74,3.444,25.25,25.41,25.49,25.26,86.7,87.3,86.1,993
28/3/17 21:40,10939,12.74,3.444,25.27,25.55,25.68,25.45,85.7,86.2,85,993
28/3/17 21:50,10940,12.73,3.444,25.34,25.79,25.9,25.71,84.4,85,83.7,993
28/3/17 22:00,10941,12.74,3.445,25.41,25.82,25.92,25.72,84,84.8,83.3,994
28/3/17 22:10,10942,12.74,3.443,25.5,26.11,26.28,25.97,82.6,83.3,81.9,993
28/3/17 22:20,10943,12.74,3.445,25.64,26.16,26.28,26.04,82,82.4,81.6,993
28/3/17 22:30,10944,12.74,3.445,25.79,25.94,26.1,25.87,82.9,83.3,82.1,993
28/3/17 22:40,10945,12.74,3.446,25.88,25.75,25.86,25.55,83.8,84.6,83.3,993
28/3/17 22:50,10946,12.74,3.444,25.92,25.59,25.71,25.54,84.5,84.9,84,993
28/3/17 23:00,10947,12.74,3.446,25.92,25.52,25.59,25.47,84.8,85,84.6,993
28/3/17 23:10,10948,12.74,3.446,25.92,25.52,25.6,25.45,84.6,85,84.4,994
28/3/17 23:20,10949,12.74,3.445,25.92,25.76,25.94,25.66,83,83.6,82,994
28/3/17 23:30,10950,12.74,3.445,25.95,25.93,25.96,25.92,81.8,82,81.4,993
28/3/17 23:40,10951,12.74,3.445,26.01,25.94,26.08,25.9,81.7,82.2,80.8,993
28/3/17 23:50,10952,12.74,3.445,26.07,26.17,26.23,26.14,80.4,80.8,79.87,993
29/3/17 0:00,10953,12.74,3.446,26.17,26.13,26.24,26.02,80.3,80.8,79.62,994
29/3/17 0:10,10954,12.74,3.445,26.23,26.3,26.52,26.11,79.2,80.4,77.9,993
29/3/17 0:20,10955,12.74,3.446,26.31,26.54,26.59,26.48,77.68,77.94,77.25,993
29/3/17 0:30,10956,12.74,3.446,26.4,26.6,26.68,26.55,76.96,77.47,76.39,994
29/3/17 0:40,10957,12.74,3.447,26.52,26.67,26.83,26.48,76.65,77.75,75.95,994
29/3/17 0:50,10958,12.74,3.447,26.58,26.11,26.3,25.95,79.55,80.3,78.79,993
29/3/17 1:00,10959,12.74,3.447,26.52,26,26.21,25.75,80.1,81.5,79.02,994
29/3/17 1:10,10960,12.74,3.446,26.39,26.19,26.4,25.85,79.06,80.8,77.56,993
29/3/17 1:20,10961,12.74,3.446,26.26,25.66,25.93,25.49,82.2,83.5,80.5,994
29/3/17 1:30,10962,12.74,3.446,26.15,25.66,26.11,25.2,81.8,84.1,79.82,993
29/3/17 1:40,10963,12.74,3.445,25.95,25.75,25.92,25.49,81.4,83.1,80.4,993
29/3/17 1:50,10964,12.74,3.445,25.81,25.79,26.1,25.57,80.9,81.9,79.24,994
29/3/17 2:00,10965,12.74,3.445,25.82,26.21,26.3,26.14,78.13,78.44,77.56,993
29/3/17 2:10,10966,12.74,3.445,25.9,25.6,26.08,25.18,81.5,83.8,78.74,993
29/3/17 2:20,10967,12.74,3.445,25.89,24.92,25.1,24.79,85.6,86.5,84.4,994
29/3/17 2:30,10968,12.74,3.445,25.79,24.76,24.87,24.67,86.6,87.1,85.7,994
29/3/17 2:40,10969,12.74,3.444,25.7,24.96,24.99,24.93,85.3,85.6,85.2,994
29/3/17 2:50,10970,12.74,3.444,25.65,25.1,25.36,24.95,84.5,85.4,82.9,994
29/3/17 3:00,10971,12.73,3.445,25.65,25.42,25.54,25.35,82.4,83.3,81.2,994
29/3/17 3:10,10972,12.74,3.445,25.7,25.74,25.85,25.6,80.6,81.3,79.71,995
29/3/17 3:20,10973,12.73,3.445,25.78,25.65,25.7,25.6,81,81.3,80.5,994
29/3/17 3:30,10974,12.74,3.445,25.84,25.59,25.61,25.58,81.4,81.8,81.1,994
29/3/17 3:40,10975,12.74,3.444,25.86,25.32,25.63,24.91,82.5,84.5,81,994
29/3/17 3:50,10976,12.73,3.445,25.77,24.99,25.28,24.83,84.5,85.4,83,995
29/3/17 4:00,10977,12.73,3.444,25.7,25.56,25.69,25.52,81.6,81.9,80.7,995
29/3/17 4:10,10978,12.73,3.444,25.75,25.74,25.88,25.45,80.6,82.4,79.8,995
29/3/17 4:20,10979,12.73,3.445,25.73,24.68,25.27,24.15,86.7,89.6,83.8,995
29/3/17 4:30,10980,12.73,3.444,25.49,23.68,23.92,23.57,92.3,93,90.9,995
29/3/17 4:40,10981,12.73,3.444,25.17,23.71,23.77,23.6,91.9,92.5,91.5,995
29/3/17 4:50,10982,12.73,3.444,24.88,23.84,23.92,23.69,91.3,92.2,90.8,995
29/3/17 5:00,10983,12.73,3.444,24.67,23.99,24.08,23.87,90.5,91.3,89.8,996
29/3/17 5:10,10984,12.73,3.443,24.52,24.03,24.11,23.95,90.2,90.6,89.5,996
29/3/17 5:20,10985,12.73,3.442,24.43,23.99,24.12,23.91,90.5,90.9,89.8,996
29/3/17 5:30,10986,12.72,3.443,24.36,24.01,24.11,23.94,90.3,90.7,89.5,996
29/3/17 5:40,10987,12.72,3.442,24.3,23.95,24.11,23.85,90.7,91.2,89.9,996
29/3/17 5:50,10988,12.72,3.441,24.24,23.87,23.96,23.81,91,91.5,90.4,996
29/3/17 6:00,10989,12.72,3.441,24.2,23.99,24.12,23.89,90.3,90.8,89.7,997
29/3/17 6:10,10990,12.72,3.441,24.18,24.08,24.13,24.03,90,90.3,89.8,997
29/3/17 6:20,10991,12.72,3.443,24.16,24.16,24.35,24.04,89.6,90.3,88.5,997
29/3/17 6:30,10992,12.72,3.442,24.17,24.32,24.47,24.24,88.9,89.2,88.2,997
29/3/17 6:40,10993,12.72,3.442,24.2,24.5,24.6,24.41,88,88.3,87.6,998
29/3/17 6:50,10994,12.72,3.441,24.24,24.68,24.75,24.59,87,87.3,86.7,997
29/3/17 7:00,10995,12.72,3.441,24.31,24.67,24.75,24.61,87.3,87.6,86.8,998
29/3/17 7:10,10996,12.72,3.443,24.39,24.72,24.76,24.63,87.3,87.5,87,998
29/3/17 7:20,10997,12.72,3.443,24.47,24.91,25.08,24.74,86.4,87.4,85.1,998
29/3/17 7:30,10998,12.72,3.444,24.56,25.23,25.44,25.11,84.2,85.2,83.1,998
29/3/17 7:40,10999,12.72,3.444,24.72,25.63,25.76,25.52,81.8,82.6,81.3,998
29/3/17 7:50,11000,12.72,3.444,24.92,25.89,26,25.8,80.8,81.3,80.4,999
29/3/17 8:00,11001,12.72,3.444,25.18,26.09,26.26,25.94,80.7,81.3,79.87,999
29/3/17 8:10,11002,12.72,3.444,25.48,26,26.15,25.87,82,82.4,81.6,998
29/3/17 8:20,11003,12.72,3.444,25.76,26.4,26.85,25.92,80.8,82.2,78.85,999
29/3/17 8:30,11004,12.72,3.446,26.27,27.18,27.25,27.15,76.95,77.48,76.52,999
29/3/17 8:40,11005,12.72,3.445,26.7,27.44,27.78,27.18,76.86,78.58,75.94,999
29/3/17 8:50,11006,12.72,3.447,27.18,27.89,28.16,27.75,75.68,76.7,74.84,999
29/3/17 9:00,11007,12.72,3.447,27.7,28.63,28.77,28.37,74.06,76.14,73.22,1000
29/3/17 9:10,11008,12.72,3.449,28.24,28.92,29.04,28.81,73.87,74.97,73.2,1000
29/3/17 9:20,11009,12.73,3.45,28.77,29.75,30.13,29.3,74.56,75.3,74.11,1000
29/3/17 9:30,11010,12.7,3.45,29.38,30.11,30.24,29.98,76.27,77.16,75.95,1000
29/3/17 9:40,11011,12.73,3.453,29.94,30.58,30.72,30.44,73.59,75.79,72.67,1000
29/3/17 9:50,11012,12.73,3.453,30.4,30.36,30.46,30.22,76.01,78.13,73.75,1000
29/3/17 10:00,11013,12.73,3.454,30.66,30.29,30.38,30.22,78.33,78.77,77.63,1001
29/3/17 10:10,11014,12.74,3.454,30.86,30.26,30.3,30.23,78.4,79.22,77.94,1001
29/3/17 10:20,11015,12.74,3.454,31.02,30.45,30.63,30.28,75.48,77.11,73.7,1001
29/3/17 10:30,11016,12.74,3.454,31.15,30.54,30.64,30.46,72.12,72.94,71.57,1001
29/3/17 10:40,11017,12.74,3.455,31.24,30.53,30.61,30.5,68.55,70.38,66.92,1001
29/3/17 10:50,11018,12.74,3.455,31.26,30.44,30.48,30.41,67.48,68.16,66.72,1001
29/3/17 11:00,11019,12.73,3.456,31.28,30.5,30.52,30.43,68.45,70.56,67.22,1001
29/3/17 11:10,11020,12.74,3.456,31.3,30.53,30.72,30.43,70.74,71.35,70.16,1001
29/3/17 11:20,11021,12.73,3.456,31.41,31.05,31.35,30.76,71.14,72.1,70.15,1001
29/3/17 11:30,11022,12.74,3.455,31.7,31.46,31.76,31.24,69.37,71.28,68.61,1000
29/3/17 11:40,11023,12.73,3.457,32.1,32.07,32.42,31.66,68.88,69.23,68.57,1000
29/3/17 11:50,11024,12.74,3.458,32.63,32.09,32.66,31.85,71.88,74.14,69.22,1000
29/3/17 12:00,11025,12.74,3.458,32.95,31.59,31.78,31.44,75.44,76.2,74.5,1000
29/3/17 12:10,11026,12.74,3.458,33.09,31.25,31.56,30.97,77.01,78.93,74.98,1000
29/3/17 12:20,11027,12.74,3.458,33.05,30.55,30.81,30.26,80.5,82.3,79.06,999
29/3/17 12:30,11028,12.75,3.458,32.82,30.32,30.43,30.12,81.9,82.5,81.5,1000
29/3/17 12:40,11029,12.73,3.458,32.59,30.12,30.21,29.97,83.1,83.4,82.6,1000
29/3/17 12:50,11030,12.74,3.457,32.29,29.97,30.05,29.89,83.3,83.6,82.9,1000
29/3/17 13:00,11031,12.73,3.457,32.07,29.98,30.03,29.9,82.7,83,82.2,1000
29/3/17 13:10,11032,12.74,3.456,31.86,29.81,29.86,29.73,83.4,83.8,83,999
29/3/17 13:20,11033,12.74,3.456,31.66,29.78,29.83,29.73,82.7,83.1,82.3,1000
29/3/17 13:30,11034,12.74,3.456,31.52,29.74,29.77,29.72,82.8,83,82.3,1000
29/3/17 13:40,11035,12.73,3.454,31.4,29.73,29.76,29.69,83.4,83.6,83,999
29/3/17 13:50,11036,12.74,3.455,31.29,29.68,29.75,29.54,83.8,84.1,83.4,999
29/3/17 14:00,11037,12.74,3.454,31.11,29.39,29.46,29.35,85.3,86.1,84.9,999
29/3/17 14:10,11038,12.74,3.454,30.81,29.43,29.58,29.3,84.7,85.4,84.3,999
29/3/17 14:20,11039,12.72,3.454,30.58,29.6,29.65,29.56,83.8,84.1,83.5,998
29/3/17 14:30,11040,12.74,3.454,30.53,29.67,29.69,29.62,83.6,83.7,83.2,998
29/3/17 14:40,11041,12.73,3.453,30.56,29.55,29.62,29.52,84.5,84.9,83.7,997
29/3/17 14:50,11042,12.73,3.454,30.61,29.66,29.78,29.59,84.4,84.8,84,998
29/3/17 15:00,11043,12.73,3.453,30.69,29.68,29.79,29.56,84.5,85.1,83.5,998
29/3/17 15:10,11044,12.73,3.454,30.79,29.85,29.99,29.68,83.2,83.8,82.6,999
29/3/17 15:20,11045,12.73,3.453,30.8,29.46,29.59,29.35,84.4,84.9,83.9,1000
29/3/17 15:30,11046,12.73,3.453,30.64,28.91,29.31,28.56,87.6,89.3,85.5,1000
29/3/17 15:40,11047,12.73,3.452,30.16,25.67,26.76,24.95,93.2,95,88.8,1000
29/3/17 15:50,11048,12.73,3.45,29.25,24.62,24.74,24.49,96.4,97.2,95.7,1000
29/3/17 16:00,11049,12.73,3.449,28.37,24.76,24.78,24.72,97.3,97.7,96.9,1000
29/3/17 16:10,11050,12.72,3.448,27.77,24.99,25.1,24.82,97.4,97.6,97,1000
29/3/17 16:20,11051,12.72,3.447,27.33,25.01,25.13,24.85,96,97.7,94.9,1001
29/3/17 16:30,11052,12.72,3.447,26.98,25.2,25.28,25.11,93.9,95.4,92.1,1001
29/3/17 16:40,11053,12.72,3.445,26.68,25,25.18,24.75,92.7,94.5,90.2,1000
29/3/17 16:50,11054,12.71,3.445,26.41,24.68,24.7,24.65,96.1,96.7,95.3,1000
29/3/17 17:00,11055,12.71,3.444,26.17,24.4,24.49,24.33,97.5,98,96.9,1000
29/3/17 17:10,11056,12.71,3.444,25.95,24.46,24.63,24.36,98.5,99,98.1,1000
29/3/17 17:20,11057,12.71,3.444,25.85,25.08,25.36,24.74,98.4,99,97.9,1000
29/3/17 17:30,11058,12.71,3.444,25.85,25.06,25.11,25.01,98.7,98.8,98.6,1000
29/3/17 17:40,11059,12.71,3.444,25.85,25.15,25.27,25.09,99,99,98.9,1001
29/3/17 17:50,11060,12.71,3.444,25.91,25.66,25.93,25.44,98.5,99.1,97.8,1001
29/3/17 18:00,11061,12.71,3.444,26,25.93,26.12,25.71,96,96.9,95.6,1001
29/3/17 18:10,11062,12.71,3.444,26.06,25.52,25.64,25.45,96.1,96.7,95.5,1001
29/3/17 18:20,11063,12.71,3.444,26.04,25.49,25.63,25.43,97.2,97.3,96.9,1001
29/3/17 18:30,11064,12.71,3.444,26.06,26.39,26.9,25.87,96.4,97.2,95.7,1002
29/3/17 18:40,11065,12.7,3.444,26.22,27.22,27.43,27.03,95.6,95.9,95.4,1002
29/3/17 18:50,11066,12.71,3.445,26.46,27.6,27.76,27.49,95.3,95.5,94.9,1002
29/3/17 19:00,11067,12.7,3.445,26.71,27.81,27.86,27.76,94.7,95,94.5,1001
29/3/17 19:10,11068,12.7,3.445,26.94,27.93,27.99,27.9,94.1,94.3,93.9,1002
29/3/17 19:20,11069,12.7,3.447,27.13,27.9,27.92,27.88,94.2,94.4,94,1003
29/3/17 19:30,11070,12.71,3.447,27.28,27.9,27.94,27.86,94,94.3,93.8,1003
29/3/17 19:40,11071,12.71,3.447,27.41,27.97,28.02,27.92,93.5,93.8,93.3,1003
29/3/17 19:50,11072,12.7,3.447,27.51,28.01,28.03,27.98,93.4,93.5,93.3,1003
29/3/17 20:00,11073,12.7,3.448,27.61,28.07,28.13,28,93.2,93.4,93,1003
29/3/17 20:10,11074,12.71,3.448,27.71,28.09,28.14,28.05,93.2,93.5,93,1003
29/3/17 20:20,11075,12.71,3.449,27.79,28.16,28.19,28.14,92.9,93,92.7,1003
29/3/17 20:30,11076,12.71,3.448,27.87,28.22,28.25,28.18,92.6,92.7,92.5,1004
29/3/17 20:40,11077,12.7,3.448,27.95,28.22,28.26,28.16,92.7,92.9,92.6,1004
29/3/17 20:50,11078,12.7,3.448,28.03,28.22,28.28,28.19,92.8,93,92.5,1003
29/3/17 21:00,11079,12.69,3.449,28.1,28.27,28.31,28.24,92.6,92.7,92.5,1004
29/3/17 21:10,11080,12.71,3.449,28.16,28.3,28.35,28.27,92.6,92.7,92.5,1003
29/3/17 21:20,11081,12.7,3.449,28.23,28.32,28.35,28.3,92.6,92.8,92.4,1004
29/3/17 21:30,11082,12.7,3.449,28.29,28.33,28.39,28.27,92.8,93.1,92.6,1004
29/3/17 21:40,11083,12.7,3.449,28.34,28.33,28.36,28.28,93,93.3,92.9,1004
29/3/17 21:50,11084,12.7,3.449,28.39,28.32,28.38,28.27,93.4,93.5,93.3,1004
29/3/17 22:00,11085,12.7,3.449,28.44,28.39,28.42,28.36,93.4,93.5,93.2,1004
29/3/17 22:10,11086,12.7,3.449,28.49,28.43,28.45,28.41,93.3,93.4,93.1,1004
29/3/17 22:20,11087,12.7,3.449,28.54,28.42,28.47,28.35,93.3,93.7,93,1004
29/3/17 22:30,11088,12.7,3.449,28.6,28.42,28.46,28.4,93.3,93.5,93.2,1004
29/3/17 22:40,11089,12.7,3.449,28.64,28.45,28.5,28.41,93.3,93.5,93.1,1004
29/3/17 22:50,11090,12.7,3.449,28.69,28.45,28.48,28.42,93.3,93.5,93.2,1004
29/3/17 23:00,11091,12.7,3.449,28.73,28.45,28.49,28.42,93.4,93.6,93.2,1004
29/3/17 23:10,11092,12.7,3.449,28.76,28.42,28.45,28.38,93.7,93.8,93.5,1004
29/3/17 23:20,11093,12.7,3.449,28.79,28.39,28.45,28.36,93.7,93.9,93.4,1004
29/3/17 23:30,11094,12.7,3.45,28.79,28.43,28.47,28.39,93.4,93.6,93.3,1003
29/3/17 23:40,11095,12.7,3.449,28.79,28.42,28.44,28.4,93.4,93.6,93.3,1003
29/3/17 23:50,11096,12.7,3.45,28.82,28.43,28.46,28.41,93.3,93.3,93.2,1004
30/3/17 0:00,11097,12.7,3.449,28.82,28.37,28.39,28.35,93.5,93.6,93.4,1003
30/3/17 0:10,11098,12.7,3.449,28.82,28.36,28.4,28.34,93.6,93.7,93.5,1004
30/3/17 0:20,11099,12.7,3.449,28.82,28.37,28.44,28.33,93.6,93.7,93.4,1004
30/3/17 0:30,11100,12.7,3.448,28.82,28.42,28.44,28.4,93.4,93.5,93.3,1004
30/3/17 0:40,11101,12.7,3.45,28.82,28.36,28.4,28.33,93.6,93.8,93.4,1004
30/3/17 0:50,11102,12.7,3.45,28.82,28.34,28.38,28.29,93.7,93.9,93.6,1003
30/3/17 1:00,11103,12.7,3.449,28.82,28.4,28.41,28.37,93.4,93.6,93.3,1004
30/3/17 1:10,11104,12.7,3.45,28.82,28.36,28.38,28.33,93.6,93.7,93.5,1003
30/3/17 1:20,11105,12.7,3.449,28.82,28.41,28.42,28.39,93.3,93.4,93.2,1003
30/3/17 1:30,11106,12.7,3.45,28.82,28.36,28.38,28.34,93.6,93.7,93.4,1003
30/3/17 1:40,11107,12.7,3.449,28.82,28.32,28.34,28.28,93.8,93.9,93.7,1003
30/3/17 1:50,11108,12.7,3.45,28.79,28.32,28.38,28.28,93.7,93.8,93.5,1003
30/3/17 2:00,11109,12.69,3.45,28.79,28.31,28.38,28.27,93.9,94,93.6,1003
30/3/17 2:10,11110,12.69,3.45,28.77,28.27,28.3,28.24,94,94.2,93.9,1003
30/3/17 2:20,11111,12.7,3.449,28.76,28.32,28.38,28.28,93.8,94,93.6,1003
30/3/17 2:30,11112,12.69,3.449,28.74,28.32,28.34,28.3,93.8,94,93.8,1004
30/3/17 2:40,11113,12.69,3.449,28.73,28.28,28.3,28.25,94.1,94.2,93.9,1004
30/3/17 2:50,11114,12.69,3.449,28.72,28.27,28.31,28.24,94.2,94.4,94.1,1003
30/3/17 3:00,11115,12.69,3.449,28.72,28.23,28.27,28.2,94.4,94.5,94.3,1003
30/3/17 3:10,11116,12.69,3.45,28.7,28.24,28.28,28.22,94.4,94.6,94.3,1004
30/3/17 3:20,11117,12.69,3.449,28.68,28.23,28.27,28.2,94.3,94.6,94.2,1004
30/3/17 3:30,11118,12.69,3.449,28.66,28.24,28.25,28.22,94.4,94.5,94.4,1003
30/3/17 3:40,11119,12.69,3.449,28.66,28.24,28.27,28.22,94.4,94.5,94.3,1003
30/3/17 3:50,11120,12.69,3.449,28.64,28.22,28.25,28.2,94.4,94.5,94.3,1004
30/3/17 4:00,11121,12.69,3.45,28.62,28.18,28.2,28.15,94.6,94.8,94.5,1004
30/3/17 4:10,11122,12.69,3.448,28.6,28.19,28.21,28.16,94.5,94.6,94.5,1003
30/3/17 4:20,11123,12.69,3.449,28.59,28.16,28.18,28.13,94.7,94.9,94.7,1004
30/3/17 4:30,11124,12.69,3.45,28.57,28.14,28.16,28.12,94.8,94.9,94.7,1004
30/3/17 4:40,11125,12.69,3.449,28.56,28.12,28.15,28.09,94.9,95,94.8,1004
30/3/17 4:50,11126,12.69,3.449,28.53,28.11,28.13,28.08,95,95.1,94.9,1004
30/3/17 5:00,11127,12.69,3.449,28.53,28.11,28.13,28.1,95.2,95.5,95.1,1004
30/3/17 5:10,11128,12.69,3.449,28.53,28.07,28.09,28.05,95.4,95.5,95.3,1005
30/3/17 5:20,11129,12.69,3.449,28.51,28.03,28.1,27.98,95.6,95.9,95.4,1005
30/3/17 5:30,11130,12.69,3.449,28.49,28.06,28.09,28.04,95.6,95.7,95.4,1005
30/3/17 5:40,11131,12.69,3.448,28.49,28.1,28.12,28.08,95.6,95.7,95.5,1005
30/3/17 5:50,11132,12.69,3.448,28.49,28.12,28.14,28.11,95.5,95.6,95.4,1005
30/3/17 6:00,11133,12.69,3.449,28.49,28.11,28.15,28.08,95.6,95.8,95.4,1005
30/3/17 6:10,11134,12.69,3.449,28.49,28.16,28.19,28.1,95.6,95.8,95.5,1005
30/3/17 6:20,11135,12.68,3.449,28.5,28.14,28.16,28.12,95.7,95.8,95.7,1005
30/3/17 6:30,11136,12.69,3.449,28.49,28.12,28.16,28.09,95.7,95.8,95.6,1005
30/3/17 6:40,11137,12.68,3.448,28.49,28.14,28.18,28.11,95.7,95.8,95.6,1005
30/3/17 6:50,11138,12.68,3.448,28.52,28.23,28.28,28.18,95.4,95.6,95.3,1005
30/3/17 7:00,11139,12.68,3.449,28.57,28.28,28.33,28.26,95.3,95.4,95.2,1006
30/3/17 7:10,11140,12.68,3.449,28.63,28.39,28.42,28.36,94.9,95.1,94.8,1006
30/3/17 7:20,11141,12.68,3.449,28.72,28.49,28.6,28.44,94.6,94.7,94.4,1006
30/3/17 7:30,11142,12.68,3.448,28.83,28.64,28.73,28.56,94,94.2,93.8,1006
30/3/17 7:40,11143,12.68,3.45,28.99,28.76,28.88,28.64,93.3,93.6,92.9,1006
30/3/17 7:50,11144,12.68,3.45,29.22,28.94,28.99,28.89,92.8,92.9,92.6,1006
30/3/17 8:00,11145,12.68,3.451,29.46,29.16,29.25,29.07,92.2,92.6,91.7,1007
30/3/17 8:10,11146,12.68,3.451,29.75,29.42,29.54,29.36,91.4,92.1,90.6,1007
30/3/17 8:20,11147,12.68,3.451,30.11,29.63,29.73,29.6,90.8,91,90.4,1007
30/3/17 8:30,11148,12.68,3.452,30.51,29.88,29.94,29.77,89.7,90.3,88.6,1007
30/3/17 8:40,11149,12.69,3.452,30.95,29.93,30,29.88,89.5,89.8,89.2,1007
30/3/17 8:50,11150,12.69,3.454,31.25,29.99,30.03,29.94,88.9,89.1,88.7,1007
30/3/17 9:00,11151,12.68,3.454,31.51,30.42,30.57,30.26,87.5,89.3,85.7,1007
30/3/17 9:10,11152,12.69,3.454,31.83,30.69,30.83,30.6,85.2,85.6,84.6,1007
30/3/17 9:20,11153,12.69,3.454,32.26,31.12,31.35,30.96,82.9,83.9,80.8,1007
30/3/17 9:30,11154,12.69,3.457,32.72,31.46,31.55,31.37,81,82.6,79.19,1007
30/3/17 9:40,11155,12.69,3.458,33.19,31.48,31.77,31.26,83.7,84.5,82.4,1008
30/3/17 9:50,11156,12.69,3.458,33.56,31.41,31.56,31.17,83.3,84.2,81.6,1007
30/3/17 10:00,11157,12.69,3.459,33.9,31.75,32.02,31.59,79.87,82.4,77.85,1007
30/3/17 10:10,11158,12.69,3.458,34.09,31.45,31.55,31.3,79.43,82.2,77.21,1007
30/3/17 10:20,11159,12.69,3.46,34.18,31.56,31.78,31.46,78.15,79.24,77.11,1008
30/3/17 10:30,11160,12.69,3.46,34.27,31.77,31.96,31.65,76.01,77.52,74.46,1007
30/3/17 10:40,11161,12.69,3.46,34.36,32,32.15,31.81,75.64,77.22,73.75,1008
30/3/17 10:50,11162,12.7,3.46,34.54,32.23,32.41,32.16,74.1,76,72.97,1007
30/3/17 11:00,11163,12.69,3.46,34.73,32.18,32.4,31.82,75.12,77.58,71.8,1007
30/3/17 11:10,11164,12.69,3.461,34.9,32.58,33.05,32.21,75.34,79.12,69.6,1007
30/3/17 11:20,11165,12.7,3.461,35.15,33.06,33.65,32.43,71.1,73.09,67.43,1007
30/3/17 11:30,11166,12.7,3.462,35.48,32.59,33.43,31.96,76.11,79.1,72.99,1007