TIMESTAMP,RECORD,Kmh_Max3Sec,WS_kmh_3SecAvg_TMx,WindDir_3sec,Kmh_Mean,WindDir_MeanVect,Kmh_StDev
23/3/17 13:10,67866,0,00:00.1,0,0,0,0
23/3/17 13:20,67867,0,10:00.1,0,0,0,0
23/3/17 13:30,67868,0,20:00.1,0,0,0,0
23/3/17 13:40,67869,0,30:00.1,0,0,0,0
23/3/17 13:50,67870,0,40:00.1,0,0,0,0
23/3/17 14:00,67871,0,50:00.1,0,0,0,0
23/3/17 14:10,67872,0,00:00.1,0,0,0,0
23/3/17 14:20,67873,0,10:00.1,0,0,0,0
23/3/17 14:30,67874,0,20:00.1,0,0,0,0
23/3/17 14:40,67875,0,30:00.1,0,0,0,0
23/3/17 14:50,67876,0,40:00.1,0,0,0,0
23/3/17 15:00,67877,0,50:00.1,0,0,0,0
23/3/17 15:10,67878,0,00:00.1,0,0,0,0
23/3/17 15:20,67879,0,10:00.1,0,0,0,0
23/3/17 15:30,67880,0,20:00.1,0,0,0,0
23/3/17 15:40,67881,0,30:00.1,0,0,0,0
23/3/17 15:50,67882,0,40:00.1,0,0,0,0
23/3/17 16:00,67883,0,50:00.1,0,0,0,0
23/3/17 16:10,67884,0,00:00.1,0,0,0,0
23/3/17 16:20,67885,0,10:00.1,0,0,0,0
23/3/17 16:50,67886,0,45:19.4,0,0,0,0
23/3/17 17:00,67887,0,50:00.1,0,0,0,0
23/3/17 17:10,67888,0,00:00.1,0,0,0,0
23/3/17 17:20,67889,0,10:00.1,0,0,0,0
23/3/17 17:30,67890,0,20:00.1,0,0,0,0
23/3/17 17:40,67891,0,30:00.1,0,0,0,0
23/3/17 17:50,67892,0,40:00.1,0,0,0,0
23/3/17 18:00,67893,0,50:00.1,0,0,0,0
23/3/17 18:10,67894,0,00:00.1,0,0,0,0
23/3/17 18:40,67895,0,38:41.7,0,0,0,0
23/3/17 18:50,67896,0,40:00.1,0,0,0,0
23/3/17 19:00,67897,0,50:00.1,0,0,0,0
23/3/17 19:10,67898,0,00:00.1,0,0,0,0
23/3/17 19:20,67899,0,10:00.1,0,0,0,0
23/3/17 19:30,67900,0,20:00.1,0,0,0,0
23/3/17 19:40,67901,0,30:00.1,0,0,0,0
23/3/17 19:50,67902,0,40:00.1,0,0,0,0
23/3/17 20:00,67903,0,50:00.1,0,0,0,0
23/3/17 20:10,67904,0,00:00.1,0,0,0,0
23/3/17 20:20,67905,0,10:00.1,0,0,0,0
23/3/17 20:30,67906,0,20:00.1,0,0,0,0
23/3/17 20:40,67907,0,30:00.1,0,0,0,0
23/3/17 20:50,67908,0,40:00.1,0,0,0,0
23/3/17 21:00,67909,0,50:00.1,0,0,0,0
23/3/17 21:10,67910,0,00:00.1,0,0,0,0
23/3/17 21:20,67911,0,10:00.1,0,0,0,0
23/3/17 21:30,67912,0,20:00.1,0,0,0,0
23/3/17 21:40,67913,0,30:00.1,0,0,0,0
23/3/17 21:50,67914,0,40:00.1,0,0,0,0
23/3/17 22:00,67915,0,50:00.1,0,0,0,0
23/3/17 22:10,67916,0,00:00.1,0,0,0,0
23/3/17 22:20,67917,0,10:00.1,0,0,0,0
23/3/17 22:30,67918,0,20:00.1,0,0,0,0
23/3/17 22:40,67919,0,30:00.1,0,0,0,0
23/3/17 22:50,67920,0,40:00.1,0,0,0,0
23/3/17 23:00,67921,0,50:00.1,0,0,0,0
23/3/17 23:10,67922,0,00:00.1,0,0,0,0
23/3/17 23:20,67923,0,10:00.1,0,0,0,0
23/3/17 23:30,67924,0,20:00.1,0,0,0,0
23/3/17 23:40,67925,0,30:00.1,0,0,0,0
23/3/17 23:50,67926,0,40:00.1,0,0,0,0
24/3/17 0:00,67927,0,50:00.1,0,0,0,0
24/3/17 0:10,67928,0,00:00.1,0,0,0,0
24/3/17 0:20,67929,0,10:00.1,0,0,0,0
24/3/17 0:30,67930,0,20:00.1,0,0,0,0
24/3/17 0:40,67931,0,30:00.1,0,0,0,0
24/3/17 0:50,67932,0,40:00.1,0,0,0,0
24/3/17 1:00,67933,0,50:00.1,0,0,0,0
24/3/17 1:10,67934,0,00:00.1,0,0,0,0
24/3/17 1:20,67935,0,10:00.1,0,0,0,0
24/3/17 1:30,67936,0,20:00.1,0,0,0,0
24/3/17 1:40,67937,0,30:00.1,0,0,0,0
24/3/17 1:50,67938,0,40:00.1,0,0,0,0
24/3/17 2:00,67939,0,50:00.1,0,0,0,0
24/3/17 2:10,67940,0,00:00.1,0,0,0,0
24/3/17 2:20,67941,0,10:00.1,0,0,0,0
24/3/17 2:30,67942,0,20:00.1,0,0,0,0
24/3/17 2:40,67943,0,30:00.1,0,0,0,0
24/3/17 2:50,67944,0,40:00.1,0,0,0,0
24/3/17 3:00,67945,0,50:00.1,0,0,0,0
24/3/17 3:10,67946,0,00:00.1,0,0,0,0
24/3/17 3:20,67947,0,10:00.1,0,0,0,0
24/3/17 3:30,67948,0,20:00.1,0,0,0,0
24/3/17 3:40,67949,0,30:00.1,0,0,0,0
24/3/17 3:50,67950,0,40:00.1,0,0,0,0
24/3/17 4:00,67951,0,50:00.1,0,0,0,0
24/3/17 4:10,67952,0,00:00.1,0,0,0,0
24/3/17 4:20,67953,0,10:00.1,0,0,0,0
24/3/17 4:30,67954,0,20:00.1,0,0,0,0
24/3/17 4:40,67955,0,30:00.1,0,0,0,0
24/3/17 4:50,67956,0,40:00.1,0,0,0,0
24/3/17 5:00,67957,0,50:00.1,0,0,0,0
24/3/17 5:10,67958,0,00:00.1,0,0,0,0
24/3/17 5:20,67959,0,10:00.1,0,0,0,0
24/3/17 5:30,67960,0,20:00.1,0,0,0,0
24/3/17 5:40,67961,0,30:00.1,0,0,0,0
24/3/17 5:50,67962,0,40:00.1,0,0,0,0
24/3/17 6:00,67963,0,50:00.1,0,0,0,0
24/3/17 6:10,67964,0,00:00.1,0,0,0,0
24/3/17 6:20,67965,0,10:00.1,0,0,0,0
24/3/17 6:30,67966,0,20:00.1,0,0,0,0
24/3/17 6:40,67967,0,30:00.1,0,0,0,0
24/3/17 6:50,67968,0,40:00.1,0,0,0,0
24/3/17 7:00,67969,0,50:00.1,0,0,0,0
24/3/17 7:10,67970,0,00:00.1,0,0,0,0
24/3/17 7:20,67971,0,10:00.1,0,0,0,0
24/3/17 7:30,67972,0,20:00.1,0,0,0,0
24/3/17 7:40,67973,0,30:00.1,0,0,0,0
24/3/17 7:50,67974,0,40:00.1,0,0,0,0
24/3/17 8:00,67975,0,50:00.1,0,0,0,0
24/3/17 8:10,67976,0,00:00.1,0,0,0,0
24/3/17 8:20,67977,0,10:00.1,0,0,0,0
24/3/17 8:30,67978,0,20:00.1,0,0,0,0
24/3/17 8:40,67979,0,30:00.1,0,0,0,0
24/3/17 8:50,67980,0,40:00.1,0,0,0,0
24/3/17 9:00,67981,0,50:00.1,0,0,0,0
24/3/17 9:10,67982,0,00:00.1,0,0,0,0
24/3/17 9:20,67983,0,10:00.1,0,0,0,0
24/3/17 9:30,67984,0,20:00.1,0,0,0,0
24/3/17 9:40,67985,0,30:00.1,0,0,0,0
24/3/17 9:50,67986,0,40:00.1,0,0,0,0
24/3/17 10:00,67987,0,50:00.1,0,0,0,0
24/3/17 10:10,67988,0,00:00.1,0,0,0,0
24/3/17 10:20,67989,0,10:00.1,0,0,0,0
24/3/17 10:30,67990,0,20:00.1,0,0,0,0
24/3/17 10:40,67991,0,30:00.1,0,0,0,0
24/3/17 10:50,67992,0,40:00.1,0,0,0,0
24/3/17 11:00,67993,0,50:00.1,0,0,0,0
24/3/17 11:10,67994,0,00:00.1,0,0,0,0
24/3/17 11:20,67995,0,10:00.1,0,0,0,0
24/3/17 11:30,67996,0,20:00.1,0,0,0,0
24/3/17 11:40,67997,0,30:00.1,0,0,0,0
24/3/17 11:50,67998,0,40:00.1,0,0,0,0
24/3/17 12:00,67999,0,50:00.1,0,0,0,0
24/3/17 12:10,68000,0,00:00.1,0,0,0,0
24/3/17 12:20,68001,0,10:00.1,0,0,0,0
24/3/17 12:30,68002,0,20:00.1,0,0,0,0
24/3/17 12:40,68003,0,30:00.1,0,0,0,0
24/3/17 12:50,68004,0,40:00.1,0,0,0,0
24/3/17 13:00,68005,0,50:00.1,0,0,0,0
24/3/17 13:10,68006,0,00:00.1,0,0,0,0
24/3/17 13:20,68007,0,10:00.1,0,0,0,0
24/3/17 13:30,68008,0,20:00.1,0,0,0,0
24/3/17 13:40,68009,0,30:00.1,0,0,0,0
24/3/17 13:50,68010,0,40:00.1,0,0,0,0
24/3/17 14:00,68011,0,50:00.1,0,0,0,0
24/3/17 14:10,68012,0,00:00.1,0,0,0,0
24/3/17 14:20,68013,0,10:00.1,0,0,0,0
24/3/17 14:30,68014,0,20:00.1,0,0,0,0
24/3/17 14:40,68015,0,30:00.1,0,0,0,0
24/3/17 14:50,68016,0,40:00.1,0,0,0,0
24/3/17 15:00,68017,0,50:00.1,0,0,0,0
24/3/17 15:10,68018,0,00:00.1,0,0,0,0
24/3/17 15:20,68019,0,10:00.1,0,0,0,0
24/3/17 15:30,68020,0,20:00.1,0,0,0,0
24/3/17 15:40,68021,0,30:00.1,0,0,0,0
24/3/17 15:50,68022,0,40:00.1,0,0,0,0
24/3/17 16:00,68023,0,50:00.1,0,0,0,0
24/3/17 16:10,68024,0,00:00.1,0,0,0,0
24/3/17 16:20,68025,0,10:00.1,0,0,0,0
24/3/17 16:30,68026,0,20:00.1,0,0,0,0
24/3/17 16:40,68027,0,30:00.1,0,0,0,0
24/3/17 16:50,68028,0,40:00.1,0,0,0,0
24/3/17 17:00,68029,0,50:00.1,0,0,0,0
24/3/17 17:10,68030,0,00:00.1,0,0,0,0
24/3/17 17:20,68031,0,10:00.1,0,0,0,0
24/3/17 17:30,68032,0,20:00.1,0,0,0,0
26/3/17 6:40,68033,2.587,39:39.5,240.7,0.317068,240.6705,1.009
26/3/17 6:50,68034,3.528,45:47.4,240.7,0.2876269,240.6609,0.972
26/3/17 7:00,68035,3.293,57:32.4,240.6,0.3169307,240.6485,1.011
26/3/17 7:10,68036,3.175,09:17.2,240.7,0.2687153,240.6534,0.936
26/3/17 7:20,68037,2.47,17:57.5,240.7,0.2546884,240.6645,0.913
26/3/17 7:30,68038,2.822,29:13.3,240.7,0.2581314,240.6675,0.919
26/3/17 7:40,68039,3.293,37:24.3,240.7,0.3104627,240.6649,1.002
26/3/17 7:50,68040,3.528,43:31.6,240.7,0.2970379,240.6652,0.982
26/3/17 8:00,68041,5.645,58:21.3,241.7,0.7873303,241.594,1.662
26/3/17 8:10,68042,6.468,00:24.6,264.4,0.528027,252.404,1.431
26/3/17 8:20,68043,2.47,10:07.8,264.4,0.2488065,264.3719,0.903
26/3/17 8:30,68044,2.94,22:55.1,265.2,0.211092,264.6359,0.837
26/3/17 8:40,68045,3.763,33:38.9,261.9,0.3545627,265.1183,1.076
26/3/17 8:50,68046,2.94,44:10.2,267.6,0.2997828,263.4307,0.984
27/3/17 3:50,68047,0,47:52.9,0,0,0,0
27/3/17 4:00,68048,0,50:00.1,0,0,0,0
27/3/17 4:10,68049,17.4,09:41.6,148,4.582436,120.6558,4.893
27/3/17 4:20,68050,14.82,14:30.4,208.9,7.635005,172.6903,3.507
27/3/17 4:30,68051,17.76,29:54.8,205.2,8.503186,201.8558,3.052
27/3/17 4:40,68052,20.23,27/3/17 4:39,206.4,8.937158,208.6857,3.488
27/3/17 4:50,68053,15.88,40:21.6,201.9,9.303523,211.1632,2.998
27/3/17 5:00,68054,17.05,51:05.2,251.8,8.087143,221.4992,2.905
27/3/17 5:10,68055,14.82,01:40.1,212.4,7.857885,226.0011,2.558
27/3/17 5:20,68056,18.58,18:42.6,216.7,8.717862,219.515,2.902
27/3/17 5:30,68057,17.76,22:00.2,213.5,10.05366,216.086,2.994
27/3/17 5:40,68058,20.58,27/3/17 5:33,211.3,9.711955,218.1075,3.21
27/3/17 5:50,68059,13.99,44:08.4,216.4,7.948315,219.2892,2.734
27/3/17 6:00,68060,14.82,56:33.7,208.9,9.144085,215.9905,2.694
27/3/17 6:10,68061,16.46,02:58.9,222.9,9.299995,217.1113,2.86
27/3/17 6:20,68062,16.82,27/3/17 6:19,221.3,9.976214,218.1885,2.906
27/3/17 6:30,68063,15.52,23:02.3,213.8,8.640763,213.4575,2.87
27/3/17 6:40,68064,19.29,36:07.3,211,9.655285,214.4181,3.439
27/3/17 6:50,68065,19.87,46:58.5,210.7,10.97537,215.8381,3.166
27/3/17 7:00,68066,16.35,53:31.2,205.6,9.272083,214.0603,3.162
27/3/17 7:10,68067,15.99,01:21.9,220,7.688499,220.2868,3.345
27/3/17 7:20,68068,14.94,18:32.6,252.8,8.828945,217.7577,3.186
27/3/17 7:30,68069,19.29,23:48.3,252.2,8.663549,218.8684,3.75
27/3/17 7:40,68070,16.58,30:39.9,227.2,7.133784,237.1545,3.235
27/3/17 7:50,68071,16.11,40:07.9,209.6,6.731324,236.8918,3.199
27/3/17 8:00,68072,18.46,52:34.9,259.5,9.20266,226.0515,3.589
27/3/17 8:10,68073,19.76,01:47.1,231.6,10.41085,220.7568,3.563
27/3/17 8:20,68074,22.93,15:56.2,214.4,11.30987,219.0674,3.816
27/3/17 8:30,68075,24.81,23:48.5,218.6,12.17535,221.9964,4.057
27/3/17 8:40,68076,23.99,36:09.8,214.9,12.61547,222.4663,3.889
27/3/17 8:50,68077,26.46,46:28.5,248.3,13.75525,225.0631,3.956
27/3/17 9:00,68078,22.93,55:22.3,211.5,13.11619,227.4897,4.211
27/3/17 9:10,68079,22.46,07:08.1,206.7,13.53295,217.6257,3.72
27/3/17 9:20,68080,23.76,12:18.9,220.5,11.58441,211.8539,4.187
27/3/17 9:30,68081,25.64,22:55.2,206.2,13.64018,214.7601,4.779
27/3/17 9:40,68082,30.34,39:02.4,203,13.83135,215.8432,5.218
27/3/17 9:50,68083,35.28,49:21.1,209.7,13.41654,204.8793,6.135
27/3/17 10:00,68084,27.4,55:04.6,225,15.02475,209.0899,4.931
27/3/17 10:10,68085,30.69,27/3/17 10:07,217.5,12.96958,206.3396,5.76
27/3/17 10:20,68086,31.4,27/3/17 10:11,217.5,12.99611,209.5517,5.53
27/3/17 10:30,68087,31.52,23:33.4,204.9,13.73532,212.0332,5.277
27/3/17 10:40,68088,24.58,27/3/17 10:31,182.6,10.82874,208.849,5.083
27/3/17 10:50,68089,27.17,46:22.1,210.5,12.32236,222.1494,5.312
27/3/17 11:00,68090,23.17,52:45.5,254.2,12.72868,224.1935,4.249
27/3/17 11:10,68091,23.17,09:35.9,212.9,12.03299,221.1715,3.937
27/3/17 11:20,68092,24.81,14:36.6,179.7,14.90959,214.7444,4.621
27/3/17 11:30,68093,24.93,20:18.1,188.5,11.66562,216.6229,4.112
27/3/17 11:40,68094,30.34,31:08.4,205.4,14.55194,214.2228,5.255
27/3/17 11:50,68095,25.17,40:12.5,234.3,12.38831,215.4581,4.278
27/3/17 12:00,68096,27.17,27/3/17 11:53,212.4,13.35428,220.2141,4.636
27/3/17 12:10,68097,27.87,06:31.9,221.6,13.89264,218.3771,4.689
27/3/17 12:20,68098,26.7,12:30.6,215.7,13.90999,219.9555,4.567
27/3/17 12:30,68099,25.99,20:10.1,220.6,13.61006,221.1389,4.026
27/3/17 12:40,68100,29.28,34:40.5,212.7,13.62023,220.2454,5.163
27/3/17 12:50,68101,23.99,41:17.2,259.3,12.43402,223.7728,4.677
27/3/17 13:00,68102,21.05,50:55.2,218.5,11.24346,229.177,3.968
27/3/17 13:10,68103,22.34,00:05.8,222.7,11.16786,229.6002,3.809
27/3/17 13:20,68104,20.34,10:40.5,222.8,11.74916,229.595,3.616
27/3/17 13:30,68105,21.64,26:35.2,231.9,10.99401,230.2356,3.412
27/3/17 13:40,68106,22.93,39:49.1,207.2,11.33136,220.7958,4.251
27/3/17 13:50,68107,23.17,47:30.4,216.2,12.58176,215.9699,4.434
27/3/17 14:00,68108,25.64,50:45.5,247.1,13.89466,219.31,4.271
27/3/17 14:10,68109,24.93,01:51.8,212.1,14.01435,216.9957,4.728
27/3/17 14:20,68110,20.11,14:13.5,209.4,11.02576,217.7083,3.677
27/3/17 14:30,68111,23.87,27/3/17 14:23,206.7,11.1617,216.1471,3.935
27/3/17 14:40,68112,24.93,31:08.6,247.2,11.86233,218.2211,4.168
27/3/17 14:50,68113,26.7,45:21.2,233.4,12.68746,221.9298,4.309
27/3/17 15:00,68114,27.99,50:01.8,223,12.61524,221.5434,3.965
27/3/17 15:10,68115,21.64,27/3/17 15:08,219.2,11.86713,221.0391,3.841
27/3/17 15:20,68116,22.46,18:56.9,219.7,11.97659,221.2607,4.206
27/3/17 15:30,68117,23.52,21:35.9,210.7,11.63921,221.6,3.782
27/3/17 15:40,68118,27.4,36:11.1,220.3,13.49922,223.6258,4.475
27/3/17 15:50,68119,27.52,45:10.1,218.1,13.52247,218.1754,4.041
27/3/17 16:00,68120,22.93,50:54.5,193.3,10.53301,217.7987,3.906
27/3/17 16:10,68121,19.76,01:52.8,212,10.50522,216.4488,3.63
27/3/17 16:20,68122,21.52,12:11.2,205.8,11.00214,217.6382,3.96
27/3/17 16:30,68123,21.64,28:45.3,210.6,10.36138,223.4562,3.605
27/3/17 16:40,68124,19.64,36:45.9,229.6,10.20684,221.9006,3.027
27/3/17 16:50,68125,19.05,42:27.5,223.9,10.61487,222.4704,3.358
27/3/17 17:00,68126,19.76,59:11.7,213.4,11.48226,221.941,3.421
27/3/17 17:10,68127,24.7,27/3/17 17:09,255.9,11.74943,222.1092,4.02
27/3/17 17:20,68128,18.82,17:00.5,257.8,10.94532,222.1199,3.418
27/3/17 17:30,68129,18.46,22:48.7,219.8,9.753278,221.025,3.269
27/3/17 17:40,68130,19.64,32:51.5,211.9,10.4228,218.0245,3.383
27/3/17 17:50,68131,18.93,48:40.9,212.3,10.44668,218.6997,3.45
27/3/17 18:00,68132,25.87,59:50.9,189.8,12.45242,214.5746,4.071
27/3/17 18:10,68133,26.11,03:32.1,220.8,13.80558,209.1671,4.475
27/3/17 18:20,68134,27.64,14:09.6,149.6,12.74296,206.9531,4.804
27/3/17 18:30,68135,26.81,27/3/17 18:26,208.7,14.25378,209.3401,5.978
27/3/17 18:40,68136,30.22,31:09.2,214,16.69161,207.0835,5.218
27/3/17 18:50,68137,28.34,27/3/17 18:40,215.9,14.03346,209.4723,5.155
27/3/17 19:00,68138,19.29,51:55.5,226.2,10.19656,203.5901,3.637
27/3/17 19:10,68139,18.82,05:52.9,211.7,9.733173,208.2977,3.498
27/3/17 19:20,68140,17.52,18:23.4,213.5,9.540431,218.6343,3.378
27/3/17 19:30,68141,19.87,29:24.4,218.2,11.38568,212.3851,3.795
27/3/17 19:40,68142,20.7,31:05.6,222.9,10.36422,215.4884,3.832
27/3/17 19:50,68143,19.76,49:12.1,221,11.11292,218.1243,3.544
27/3/17 20:00,68144,30.22,55:35.5,212.2,14.84609,214.7609,4.591
27/3/17 20:10,68145,26.34,27/3/17 20:09,188.4,13.48882,213.2701,4.971
27/3/17 20:20,68146,29.75,11:26.6,233.2,12.6846,210.9252,4.406
27/3/17 20:30,68147,31.99,22:50.9,214.6,15.77273,214.3401,5.122
27/3/17 20:40,68148,29.05,39:36.6,217.2,14.36848,209.8197,5.356
27/3/17 20:50,68149,27.64,45:53.1,220.9,12.72697,206.843,4.875
27/3/17 21:00,68150,23.64,52:58.8,219.7,12.98565,213.3297,4.327
27/3/17 21:10,68151,26.81,09:27.1,229,14.01949,213.1276,4.642
27/3/17 21:20,68152,25.28,11:58.6,234.1,13.15209,214.1896,4.075
27/3/17 21:30,68153,22.34,23:36.8,174.1,13.35609,210.0887,3.873
27/3/17 21:40,68154,31.87,39:24.7,181.5,13.59331,211.9135,5.154
27/3/17 21:50,68155,26.81,41:51.6,220.8,12.40932,206.9163,4.756
27/3/17 22:00,68156,21.52,27/3/17 21:51,224.7,11.62209,205.0443,4.218
27/3/17 22:10,68157,33.05,27/3/17 22:05,220.8,15.01862,209.6606,6.072
27/3/17 22:20,68158,36.46,27/3/17 22:10,200.2,14.85939,210.7365,6.344
27/3/17 22:30,68159,32.22,22:20.3,200,14.48201,213.8958,4.917
27/3/17 22:40,68160,30.58,31:43.2,201.2,16.54075,217.4536,5.2
27/3/17 22:50,68161,27.52,45:34.8,212.5,14.66209,213.5061,4.537
27/3/17 23:00,68162,30.69,58:58.9,222.1,15.2741,217.2764,5.833
27/3/17 23:10,68163,31.4,27/3/17 23:05,224.7,16.08238,214.1776,5.401
27/3/17 23:20,68164,26.22,19:36.1,236.6,14.60798,217.8312,4.067
27/3/17 23:30,68165,32.34,24:52.4,219.4,16.52891,218.2683,4.776
27/3/17 23:40,68166,28.46,27/3/17 23:34,198.5,14.45398,210.2741,4.772
27/3/17 23:50,68167,30.69,41:26.2,219.1,16.84989,214.9651,5.204
28/3/17 0:00,68168,36.93,53:18.3,216.1,17.51381,215.4497,5.625
28/3/17 0:10,68169,38.22,07:56.6,215.7,16.65377,214.9136,5.926
28/3/17 0:20,68170,30.46,10:38.2,180,15.34876,213.4102,5.473
28/3/17 0:30,68171,38.69,23:38.1,212.4,16.82295,213.5034,6.164
28/3/17 0:40,68172,29.64,33:11.5,199.2,15.08152,213.0451,4.839
28/3/17 0:50,68173,30.22,46:36.3,210.8,16.00077,212.3714,4.79
28/3/17 1:00,68174,28.69,55:44.5,209.2,15.66747,215.3963,5.268
28/3/17 1:10,68175,27.99,04:06.6,252.8,13.60675,219.0338,4.586
28/3/17 1:20,68176,27.28,18:04.7,253.4,15.16311,216.7469,4.993
28/3/17 1:30,68177,32.69,24:22.2,241.5,14.88429,215.8946,5.122
28/3/17 1:40,68178,25.28,31:57.8,195.1,12.84363,220.3889,4.285
28/3/17 1:50,68179,26.81,41:34.2,239.9,13.15212,219.2595,4.724
28/3/17 2:00,68180,30.22,50:54.9,260,13.86287,223.6218,4.662
28/3/17 2:10,68181,30.81,09:18.9,216.8,16.70622,216.4576,5.699
28/3/17 2:20,68182,30.93,28/3/17 2:13,217,15.1195,219.0018,5.133
28/3/17 2:30,68183,32.46,28:06.9,227.1,17.22521,219.079,6.032
28/3/17 2:40,68184,27.87,32:40.4,218.6,14.59673,221.9555,4.869
28/3/17 2:50,68185,32.58,42:46.3,239.3,17.89423,223.0865,6.067
28/3/17 3:00,68186,35.99,50:08.5,230.7,16.63462,219.9135,5.591
28/3/17 3:10,68187,29.99,06:56.8,221,15.78873,221.1366,4.759
28/3/17 3:20,68188,31.99,12:47.3,236.6,16.32599,219.796,5.591
28/3/17 3:30,68189,27.05,21:03.2,225.2,15.22517,221.3196,4.916
28/3/17 3:40,68190,31.16,32:28.7,272.7,13.94539,225.4851,4.563
28/3/17 3:50,68191,26.93,46:41.9,243.1,14.10045,226.2471,4.495
28/3/17 4:00,68192,25.64,58:48.3,224.7,14.55443,228.4645,4.46
28/3/17 4:10,68193,29.28,01:07.7,223.9,14.70582,230.4124,5.14
28/3/17 4:20,68194,27.99,15:14.8,261.3,15.12782,228.7005,4.719
28/3/17 4:30,68195,32.22,26:14.4,221.5,15.35412,234.1954,5.053
28/3/17 4:40,68196,35.04,34:42.1,233.9,15.56018,226.3434,4.817
28/3/17 4:50,68197,28.69,43:08.3,248.6,14.26165,228.9349,4.652
28/3/17 5:00,68198,29.05,52:11.6,216.5,14.67968,235.0389,4.644
28/3/17 5:10,68199,29.4,02:16.2,221.4,16.52638,236.548,4.959
28/3/17 5:20,68200,29.4,13:12.3,229.9,15.11185,232.1022,4.696
28/3/17 5:30,68201,28.34,29:55.7,250.2,16.21787,236.2066,4.626
28/3/17 5:40,68202,32.93,35:14.3,226.5,15.2163,235.9798,5.227
28/3/17 5:50,68203,31.87,46:37.8,243.8,17.13169,237.8004,6.006
28/3/17 6:00,68204,29.28,58:48.2,217.6,16.09914,232.7902,5.207
28/3/17 6:10,68205,30.81,28/3/17 6:03,215.1,15.8524,231.3569,5.638
28/3/17 6:20,68206,28.34,18:21.4,216.2,15.97794,230.7837,4.741
28/3/17 6:30,68207,27.75,22:57.1,246.4,14.94891,235.2677,4.49
28/3/17 6:40,68208,30.93,32:29.6,269.9,14.57472,235.6517,4.893
28/3/17 6:50,68209,23.99,48:37.7,227.8,13.43264,238.5668,4.414
28/3/17 7:00,68210,27.05,56:43.6,235.9,14.2427,242.5841,3.932
28/3/17 7:10,68211,27.64,07:04.9,235.4,13.55401,237.7086,4.572
28/3/17 7:20,68212,28.58,11:31.9,252.3,14.54852,241.159,4.829
28/3/17 7:30,68213,32.22,28:39.8,245.8,15.76801,235.9309,5.183
28/3/17 7:40,68214,25.99,30:32.4,252.2,13.31642,237.5234,4.403
28/3/17 7:50,68215,27.05,49:37.3,227.1,15.00779,238.6326,4.789
28/3/17 8:00,68216,29.75,51:48.2,244.1,15.88851,235.9763,4.998
28/3/17 8:10,68217,33.99,01:54.1,233.3,15.02309,239.1293,4.983
28/3/17 8:20,68218,28.34,11:33.5,212.2,14.0987,239.9671,4.346
28/3/17 8:30,68219,31.99,27:56.4,262.6,14.43915,238.3338,5.376
28/3/17 8:40,68220,29.05,28/3/17 8:39,222.7,13.74675,236.3225,4.61
28/3/17 8:50,68221,34.93,49:57.9,258.9,16.0621,238.1261,5.813
28/3/17 9:00,68222,30.34,50:00.1,241.4,16.19493,238.4077,5.329
28/3/17 9:10,68223,32.1,04:38.3,244.4,16.20603,239.6744,4.605
28/3/17 9:20,68224,33.63,19:58.6,216.5,16.42613,238.0118,5.413
28/3/17 9:30,68225,33.4,28/3/17 9:28,221.9,16.88163,238.4353,5.113
28/3/17 9:40,68226,40.45,30:20.2,253.4,16.98745,240.2079,5.745
28/3/17 9:50,68227,32.58,48:33.6,228.5,17.00877,245.0853,5.816
28/3/17 10:00,68228,31.16,54:53.7,228.4,16.93808,240.026,5.882
28/3/17 10:10,68229,39.63,02:13.1,221.7,20.05653,238.6248,6.2
28/3/17 10:20,68230,37.28,12:38.9,233.2,18.18701,243.9781,5.731
28/3/17 10:30,68231,42.69,23:42.1,245,20.8955,240.4012,6.546
28/3/17 10:40,68232,48.57,28/3/17 10:31,233.8,19.43842,237.9211,6.653
28/3/17 10:50,68233,40.81,45:47.3,255.2,20.15271,240.7325,6.165
28/3/17 11:00,68234,45.63,55:15.7,263.7,18.40763,242.511,7.103
28/3/17 11:10,68235,40.57,07:39.4,261.2,20.35183,241.2495,6.947
28/3/17 11:20,68236,41.16,12:05.6,243.7,20.34381,239.5949,6.15
28/3/17 11:30,68237,41.98,27:43.9,229.9,19.74814,240.2913,6.944
28/3/17 11:40,68238,40.69,36:52.8,214.3,22.2427,240.4922,6.915
28/3/17 11:50,68239,41.98,43:54.6,257.7,21.51572,239.5455,6.705
28/3/17 12:00,68240,43.98,52:03.3,236.6,22.35966,242.4771,7.508
28/3/17 12:10,68241,39.98,05:33.1,214.7,20.90213,242.2115,7.14
28/3/17 12:20,68242,43.98,14:54.8,225.9,21.4646,240.3076,8.11
28/3/17 12:30,68243,40.22,25:21.6,251.6,22.52825,241.8857,7.228
28/3/17 12:40,68244,47.86,38:12.6,227.6,23.939,241.8898,8.03
28/3/17 12:50,68245,44.69,48:49.1,227.6,23.23451,243.0381,7.831
28/3/17 13:00,68246,46.69,52:42.4,250.6,21.62867,245.1351,6.842
28/3/17 13:10,68247,55.51,06:18.8,236,22.08162,247.4399,7.929
28/3/17 13:20,68248,42.22,18:41.8,237.1,22.22368,245.6553,7.514
28/3/17 13:30,68249,49.39,23:20.4,254.3,24.40176,251.0272,8.1
28/3/17 13:40,68250,42.57,28/3/17 13:35,232.9,22.32078,249.866,7.695
28/3/17 13:50,68251,47.28,40:18.9,266.9,23.62353,247.1837,7.907
28/3/17 14:00,68252,46.69,54:27.5,226,21.79745,248.6402,6.455
28/3/17 14:10,68253,40.45,06:52.9,227.6,21.61845,244.5519,6.457
28/3/17 14:20,68254,47.75,13:35.4,268.3,21.82743,245.3226,7.274
28/3/17 14:30,68255,48.45,24:13.4,230.7,21.58092,248.031,7.208
28/3/17 14:40,68256,49.04,35:20.9,252.1,24.31068,248.883,8.52
28/3/17 14:50,68257,47.39,28/3/17 14:41,239.2,22.0679,249.7895,7.994
28/3/17 15:00,68258,48.92,58:13.1,255.3,24.73695,251.4701,8.18
28/3/17 15:10,68259,43.04,02:36.1,235.3,22.96137,248.562,7.649
28/3/17 15:20,68260,47.98,11:25.5,252.6,24.39583,251.7755,8.25
28/3/17 15:30,68261,45.51,20:54.7,257.2,22.83933,248.5906,7.409
28/3/17 15:40,68262,46.45,28/3/17 15:39,259.9,22.59148,255.2879,7.872
28/3/17 15:50,68263,43.75,46:14.9,236.4,20.77962,255.5462,7.48
28/3/17 16:00,68264,44.57,59:19.5,279.7,20.03865,253.9808,7.293
28/3/17 16:10,68265,38.1,04:46.6,242.1,20.35168,257.2284,6.38
28/3/17 16:20,68266,48.69,19:31.7,249.8,25.10325,258.7908,8.85
28/3/17 16:30,68267,47.39,22:30.4,270,24.90909,264.5793,7.441
28/3/17 16:40,68268,47.51,35:00.7,266.3,22.33671,263.7607,7.254
28/3/17 16:50,68269,38.69,46:20.5,253.9,18.90904,264.8449,6.618
28/3/17 17:00,68270,40.45,54:05.4,254.8,20.99353,262.4193,7.264
28/3/17 17:10,68271,41.04,01:07.2,299.1,20.44742,264.8836,6.882
28/3/17 17:20,68272,44.57,17:13.3,263.2,20.96948,263.0103,6.753
28/3/17 17:30,68273,42.45,24:42.5,285.4,21.92277,264.267,7.388
28/3/17 17:40,68274,53.86,37:26.4,249.2,23.53475,267.2364,8.15
28/3/17 17:50,68275,54.45,42:17.3,251.6,23.08351,265.1598,7.15
28/3/17 18:00,68276,40.92,53:24.6,260.1,22.03845,266.5291,7.097
28/3/17 18:10,68277,43.16,00:56.9,291.9,22.24154,270.6653,7.024
28/3/17 18:20,68278,40.34,15:58.1,278,22.31899,271.8799,6.76
28/3/17 18:30,68279,37.51,25:59.6,282.3,21.9139,274.1188,6.442
28/3/17 18:40,68280,43.28,34:49.4,276.7,22.3659,271.8484,6.821
28/3/17 18:50,68281,47.28,48:02.7,276.6,22.75401,276.9384,6.947
28/3/17 19:00,68282,41.87,57:47.2,268.5,21.5669,276.6757,6.615
28/3/17 19:10,68283,49.98,04:22.7,262.4,20.93027,278.7767,7.329
28/3/17 19:20,68284,35.87,16:34.2,299.1,19.08502,277.4496,6.173
28/3/17 19:30,68285,50.8,22:34.8,280.2,20.25854,277.6656,7.168
28/3/17 19:40,68286,41.28,32:04.6,283.2,20.04403,279.792,6.503
28/3/17 19:50,68287,39.87,48:30.4,260.6,21.70272,272.9607,6.614
28/3/17 20:00,68288,41.04,51:30.1,251.9,20.86609,271.0794,6.756
28/3/17 20:10,68289,41.04,01:08.6,292.6,21.37004,277.0621,6.972
28/3/17 20:20,68290,42.92,12:45.6,277.8,21.99787,279.1471,6.938
28/3/17 20:30,68291,37.28,25:32.4,264.9,19.92287,276.8252,6.276
28/3/17 20:40,68292,48.22,36:39.1,276.7,23.27035,282.502,8.07
28/3/17 20:50,68293,39.51,44:20.6,270,21.64689,280.4575,7.037
28/3/17 21:00,68294,44.22,54:25.2,313.1,21.97027,283.69,7.103
28/3/17 21:10,68295,38.81,07:03.1,277.3,21.70056,283.7659,6.755
28/3/17 21:20,68296,41.63,10:45.9,309.3,21.53576,284.2341,6.152
28/3/17 21:30,68297,46.8,25:58.6,284.4,23.65976,287.0704,7.6
28/3/17 21:40,68298,37.63,39:33.9,306.6,21.78327,288.903,6.449
28/3/17 21:50,68299,37.4,41:18.5,295.1,21.24347,291.3409,5.954
28/3/17 22:00,68300,38.93,54:50.9,275.1,21.80323,288.3549,6.166
28/3/17 22:10,68301,39.28,01:22.5,291.8,21.18325,287.2457,5.657
28/3/17 22:20,68302,41.28,12:36.2,295,23.58378,282.9821,7.203
28/3/17 22:30,68303,44.81,24:45.3,288.2,24.41051,283.1883,7.138
28/3/17 22:40,68304,48.57,28/3/17 22:35,287.8,24.80118,283.6154,6.905
28/3/17 22:50,68305,42.34,46:03.9,286.3,24.84342,283.7462,6.859
28/3/17 23:00,68306,43.04,55:59.7,306.6,23.32335,287.0761,6.851
28/3/17 23:10,68307,38.34,04:11.9,260.2,21.67855,293.8282,6.603
28/3/17 23:20,68308,40.1,17:39.6,308.3,21.72846,292.4992,6.44
28/3/17 23:30,68309,41.87,26:13.2,288.6,23.85646,292.1726,7.102
28/3/17 23:40,68310,52.57,35:06.7,299.8,24.67644,291.7903,7.92
28/3/17 23:50,68311,39.98,46:37.5,297,22.3872,294.0236,6.732
29/3/17 0:00,68312,37.75,28/3/17 23:55,307.9,21.02588,298.5955,6.302
29/3/17 0:10,68313,37.04,02:42.7,304.6,16.97029,302.8442,5.617
29/3/17 0:20,68314,31.75,16:30.5,298.9,16.83225,301.982,4.787
29/3/17 0:30,68315,32.22,21:50.5,313.7,17.88602,304.7919,5.487
29/3/17 0:40,68316,41.28,39:48.6,309.5,17.36838,303.8351,6.069
29/3/17 0:50,68317,31.28,40:16.1,305.4,15.78562,301.2234,4.848
29/3/17 1:00,68318,29.75,57:08.6,307.9,16.46545,302.3837,4.712
29/3/17 1:10,68319,35.4,05:42.5,279.4,15.81052,305.3395,5.319
29/3/17 1:20,68320,28.22,14:33.3,293.8,15.97383,304.9633,4.704
29/3/17 1:30,68321,37.98,25:06.2,306.2,17.37552,301.2788,6.341
29/3/17 1:40,68322,26.46,30:47.8,308.2,14.22049,304.4227,4.391
29/3/17 1:50,68323,32.81,47:12.3,298.3,15.58697,309.3043,4.937
29/3/17 2:00,68324,31.52,58:56.5,309,19.14078,298.924,5.357
29/3/17 2:10,68325,29.75,08:20.4,305.3,16.32679,301.8406,4.88
29/3/17 2:20,68326,26.11,14:22.8,316.4,15.02773,307.3039,4.389
29/3/17 2:30,68327,28.93,28:46.9,289.2,16.55609,304.8134,4.668
29/3/17 2:40,68328,32.93,31:20.1,309.6,17.75406,302.1798,5.145
29/3/17 2:50,68329,24.58,48:10.9,320.7,14.00592,311.0618,3.918
29/3/17 3:00,68330,26.34,54:54.3,327.4,13.13724,303.179,3.808
29/3/17 3:10,68331,27.17,08:31.3,278.9,14.98971,303.6525,4.426
29/3/17 3:20,68332,27.17,29/3/17 3:11,283.7,14.40971,300.2701,4.763
29/3/17 3:30,68333,25.75,23:37.5,299,14.80956,300.2906,3.71
29/3/17 3:40,68334,21.99,30:37.5,282.4,12.01693,296.7112,3.656
29/3/17 3:50,68335,22.46,41:31.4,308,12.31938,300.5858,4.042
29/3/17 4:00,68336,31.75,29/3/17 3:57,288.9,15.92023,298.5187,4.918
29/3/17 4:10,68337,28.58,01:03.4,306.3,15.12543,305.494,4.29
29/3/17 4:20,68338,25.17,19:19.2,314.6,12.93041,304.0013,4.337
29/3/17 4:30,68339,23.76,27:53.6,309.9,12.51465,305.0764,4.282
29/3/17 4:40,68340,24.23,31:34.3,301.1,13.12914,302.0831,4.097
29/3/17 4:50,68341,24.81,41:22.9,311.5,13.03737,300.6676,4.249
29/3/17 5:00,68342,26.22,57:03.3,326.7,12.84435,304.6054,4.727
29/3/17 5:10,68343,27.52,03:29.8,292.3,16.72105,305.1373,4.889
29/3/17 5:20,68344,29.16,10:53.6,320.6,15.60105,307.9381,4.82
29/3/17 5:30,68345,29.28,22:57.5,303.8,16.15793,309.6494,5.089
29/3/17 5:40,68346,30.22,30:10.2,330.2,16.68524,307.7352,5.028
29/3/17 5:50,68347,27.87,42:02.4,322,15.45656,308.8247,4.572
29/3/17 6:00,68348,29.64,53:38.7,311.4,17.21451,317.3758,4.862
29/3/17 6:10,68349,33.52,05:40.5,313,18.04637,314.3682,5.345
29/3/17 6:20,68350,32.58,10:35.8,294.6,16.63881,307.221,5.193
29/3/17 6:30,68351,30.93,23:42.4,320.7,16.81115,309.1797,4.633
29/3/17 6:40,68352,24.34,35:07.7,323.1,13.26251,307.7771,4.226
29/3/17 6:50,68353,28.46,29/3/17 6:44,302.4,13.90347,310.8865,4.554
29/3/17 7:00,68354,30.93,51:57.8,304.7,17.26812,299.483,4.415
29/3/17 7:10,68355,26.58,05:40.3,291.8,14.406,294.6301,4.169
29/3/17 7:20,68356,28.69,15:17.6,293.3,15.8556,290.0893,4.422
29/3/17 7:30,68357,27.99,21:37.6,293.2,15.87518,299.4096,4.644
29/3/17 7:40,68358,23.05,33:34.5,301.4,13.33419,304.4778,3.964
29/3/17 7:50,68359,22.81,45:36.4,295.9,13.89758,292.5804,3.965
29/3/17 8:00,68360,32.69,54:02.2,323.8,14.81593,292.4061,5.023
29/3/17 8:10,68361,24.23,08:42.7,271.4,12.4273,289.1568,3.913
29/3/17 8:20,68362,27.28,29/3/17 8:16,286.7,14.31335,286.0328,4.297
29/3/17 8:30,68363,26.93,24:52.4,295,13.61169,292.5307,4.602
29/3/17 8:40,68364,21.87,37:56.3,283.6,10.98928,298.9542,3.846
29/3/17 8:50,68365,23.87,49:06.4,325.3,12.18016,313.0076,4.137
29/3/17 9:00,68366,26.7,52:04.8,298.8,14.97993,321.3715,4.161
29/3/17 9:10,68367,40.1,08:45.3,323.1,17.50685,322.4154,7.19
29/3/17 9:20,68368,37.04,12:07.4,319.6,20.43441,327.1127,6.665
29/3/17 9:30,68369,31.16,29:41.4,331.4,17.66967,326.2272,5.15
29/3/17 9:40,68370,35.4,32:21.6,327.6,17.54625,330.5874,5.796
29/3/17 9:50,68371,34.22,49:57.4,308.4,18.29294,335.3918,6.265
29/3/17 10:00,68372,37.87,54:37.1,314.4,21.30705,331.1605,5.912
29/3/17 10:10,68373,44.22,03:40.2,343.8,21.71872,329.3884,6.666
29/3/17 10:20,68374,34.57,19:36.9,314.6,19.18483,327.0934,5.546
29/3/17 10:30,68375,33.28,29:36.5,326.3,17.79602,333.5879,5.85
29/3/17 10:40,68376,40.69,37:01.7,316.3,20.27436,329.4504,6.271
29/3/17 10:50,68377,33.28,49:04.2,316.6,18.2975,329.5172,5.525
29/3/17 11:00,68378,39.4,59:23.9,317.1,19.0051,325.3297,5.943
29/3/17 11:10,68379,34.1,00:51.2,332.4,17.53943,329.6286,6.21
29/3/17 11:20,68380,35.63,16:47.6,319.2,20.3281,324.5928,5.571
29/3/17 11:30,68381,43.28,23:36.4,355.8,19.33584,332.2553,7.841
29/3/17 11:40,68382,44.92,36:58.9,327.6,21.94599,330.4868,7.688
29/3/17 11:50,68383,34.22,41:11.9,0.637,17.40785,342.1309,6.528
29/3/17 12:00,68384,35.28,29/3/17 11:55,314,18.00965,338.4128,6.566
29/3/17 12:10,68385,36.93,09:16.1,331.2,16.88735,339.8761,6.971
29/3/17 12:20,68386,32.34,13:36.1,321.5,17.32666,337.303,6.11
29/3/17 12:30,68387,37.75,28:21.8,318.4,18.87918,341.4143,6.482
29/3/17 12:40,68388,33.63,31:10.7,324,15.76012,340.7083,6.962
29/3/17 12:50,68389,36.1,29/3/17 12:42,359.5,16.77354,339.4478,6.534
29/3/17 13:00,68390,38.81,54:34.6,351.6,15.80689,342.4472,6.536
29/3/17 13:10,68391,30.34,07:52.7,12.96,14.15652,346.9189,5.256
29/3/17 13:20,68392,35.52,17:32.1,306.2,16.68639,346.7292,6.151
29/3/17 13:30,68393,32.46,24:13.1,337.9,16.67237,345.4181,6.314
29/3/17 13:40,68394,32.22,30:47.7,19.85,16.34056,346.392,6.371
29/3/17 13:50,68395,32.58,48:21.2,342,13.46429,349.8449,5.427
29/3/17 14:00,68396,32.81,52:36.9,5.498,14.73722,350.7078,5.827
29/3/17 14:10,68397,33.75,29/3/17 14:08,21.01,14.388,349.1584,6.586
29/3/17 14:20,68398,41.98,16:50.5,328.8,15.13003,346.7445,7.259
29/3/17 14:30,68399,40.34,20:42.4,336.4,16.0743,345.5809,6.399
29/3/17 14:40,68400,30.93,31:33.9,321,15.67275,347.8655,6.631
29/3/17 14:50,68401,37.16,45:16.8,346.9,14.57428,355.7038,6.658
29/3/17 15:00,68402,35.16,59:05.7,16.48,15.61736,353.6966,6.939
29/3/17 15:10,68403,35.16,09:58.2,335.9,15.10444,346.7119,7.115
29/3/17 15:20,68404,34.22,13:50.4,329.1,15.26699,343.6487,6.688
29/3/17 15:30,68405,33.75,26:32.4,353.5,13.58641,343.0022,6.377
29/3/17 15:40,68406,27.99,32:31.8,345.5,13.04943,335.6223,5.975
29/3/17 15:50,68407,22.58,42:59.2,326.4,10.19368,308.7573,4.069
29/3/17 16:00,68408,14.23,29/3/17 15:58,295.5,7.150852,250.7439,3.278
29/3/17 16:10,68409,43.51,08:24.1,287,15.46713,268.6177,7.753
29/3/17 16:20,68410,46.69,13:11.9,95.4,15.76259,322.6423,10.95
29/3/17 16:30,68411,10.7,25:46.9,160.3,6.956168,189.9426,2.867
29/3/17 16:40,68412,9.88,30:00.1,102,3.039454,215.4893,2.705
29/3/17 16:50,68413,10.58,49:44.5,203.9,3.085897,244.4212,2.661
29/3/17 17:00,68414,10.11,50:04.1,223.9,3.231702,200.3968,2.696
29/3/17 17:10,68415,19.64,08:49.8,208.2,7.180554,237.5905,4.592
29/3/17 17:20,68416,14.7,16:00.3,205.8,5.99879,212.9436,4.122
29/3/17 17:30,68417,16.11,20:25.2,119.8,4.938498,231.8452,3.919
29/3/17 17:40,68418,16.23,29/3/17 17:36,351,7.005282,330.4698,3.98
29/3/17 17:50,68419,16.58,29/3/17 17:40,65.62,5.734038,337.8961,3.065
29/3/17 18:00,68420,17.05,58:38.8,346.1,5.65601,351.517,3.509
29/3/17 18:10,68421,23.76,04:29.9,312.6,10.97045,322.4152,4.002
29/3/17 18:20,68422,16.82,12:16.3,334,9.962698,325.0289,2.867
29/3/17 18:30,68423,20.82,22:43.4,321.4,10.80484,325.9563,3.297
29/3/17 18:40,68424,20.58,33:21.7,317.2,12.09012,323.9912,3.225
29/3/17 18:50,68425,20.23,46:34.9,313.1,10.87536,323.5455,3.152
29/3/17 19:00,68426,19.76,57:56.1,315.7,10.0445,324.744,3.168
29/3/17 19:10,68427,19.64,03:33.7,339.5,10.05741,324.817,3.285
29/3/17 19:20,68428,19.4,17:27.2,346.9,11.04579,331.0996,3.669
29/3/17 19:30,68429,22.11,29:38.5,308.9,11.43028,330.6482,3.95
29/3/17 19:40,68430,21.17,31:45.9,321,11.3933,334.1255,3.997
29/3/17 19:50,68431,24.81,49:10.7,322.1,11.82672,337.7355,4.841
29/3/17 20:00,68432,23.28,57:49.8,339,13.06851,336.3997,4.273
29/3/17 20:10,68433,25.75,01:13.2,332.1,12.34847,335.0029,4.54
29/3/17 20:20,68434,23.64,18:26.4,343.8,11.37444,336.4169,4.403
29/3/17 20:30,68435,22.11,29:05.4,311.6,12.4482,334.9978,3.797
29/3/17 20:40,68436,26.7,30:09.2,317,13.1955,324.6457,4.205
29/3/17 20:50,68437,27.87,41:36.9,319.6,14.91899,328.6336,4.697
29/3/17 21:00,68438,26.46,52:26.4,342.8,13.57191,332.1936,4.431
29/3/17 21:10,68439,28.58,04:19.5,346.3,13.40427,336.0571,4.715
29/3/17 21:20,68440,22.34,19:01.9,350.8,11.57907,338.0114,3.869
29/3/17 21:30,68441,27.99,27:37.6,339.2,11.27574,344.2506,4.907
29/3/17 21:40,68442,26.34,32:58.2,327.8,11.46375,341.102,4.776
29/3/17 21:50,68443,24.93,41:50.2,320.7,12.0125,336.5667,4.814
29/3/17 22:00,68444,27.4,58:40.4,318.4,10.4952,339.5176,4.65
29/3/17 22:10,68445,23.4,08:53.9,330.9,11.13058,341.748,4.753
29/3/17 22:20,68446,21.76,17:18.2,352.8,9.972018,340.6471,4.32
29/3/17 22:30,68447,21.99,21:41.9,7.065,10.65055,338.6236,4.227
29/3/17 22:40,68448,24.81,31:21.4,335.6,12.14858,337.4833,4.623
29/3/17 22:50,68449,21.29,45:43.5,355.6,9.995606,342.0795,3.749
29/3/17 23:00,68450,23.05,56:57.9,7.248,10.69891,341.3202,4.984
29/3/17 23:10,68451,24.34,04:10.7,317,12.41104,338.186,4.287
29/3/17 23:20,68452,24.23,11:08.8,5.47,11.65679,334.4751,4.237
29/3/17 23:30,68453,25.52,25:07.4,319.6,12.79687,332.3277,4.154
29/3/17 23:40,68454,27.87,39:32.2,330.5,13.11391,332.9967,4.649
29/3/17 23:50,68455,26.34,48:52.5,349.6,14.93492,336.4938,4.288
30/3/17 0:00,68456,20.46,51:56.5,342,11.29984,333.1678,4.692
30/3/17 0:10,68457,23.52,02:34.8,349.8,13.35674,334.5676,4.047
30/3/17 0:20,68458,21.52,12:16.9,309,12.04659,333.6827,4.179
30/3/17 0:30,68459,21.29,20:58.6,330.3,10.68178,330.5245,3.964
30/3/17 0:40,68460,26.7,37:43.2,326.8,13.01583,331.6635,4.602
30/3/17 0:50,68461,22.7,44:43.7,5.224,11.23704,326.3934,3.79
30/3/17 1:00,68462,24.58,57:55.3,337.2,14.27388,327.9706,4.052
30/3/17 1:10,68463,26.11,01:39.8,309,13.3638,325.0009,4.436
30/3/17 1:20,68464,29.99,14:55.5,316.9,14.63078,325.8186,4.552
30/3/17 1:30,68465,27.4,26:14.1,306.6,12.25123,325.4883,4.094
30/3/17 1:40,68466,32.58,30:28.6,335.2,14.372,326.2702,4.507
30/3/17 1:50,68467,26.22,30/3/17 1:47,305.8,13.93227,322.1039,4.69
30/3/17 2:00,68468,26.22,57:05.9,344.2,14.15384,324.9855,4.075
30/3/17 2:10,68469,25.05,04:37.8,304.1,14.23707,326.5039,4.132
30/3/17 2:20,68470,24.23,11:21.2,5.727,13.42719,327.333,3.532
30/3/17 2:30,68471,24.11,23:21.8,328.9,14.56613,331.0898,4.3
30/3/17 2:40,68472,26.7,30:59.7,314.1,14.54939,329.6177,4.118
30/3/17 2:50,68473,25.28,47:20.3,321.1,14.1992,329.9537,4.144
30/3/17 3:00,68474,27.28,52:27.3,343.3,15.37222,326.7058,4.456
30/3/17 3:10,68475,26.93,09:03.7,332.3,15.47869,324.5862,4.299
30/3/17 3:20,68476,32.34,19:36.7,302.1,15.835,327.138,4.798
30/3/17 3:30,68477,28.22,23:55.4,319.3,14.27452,328.037,4.291
30/3/17 3:40,68478,28.34,38:36.7,329.3,16.2143,327.9634,4.47
30/3/17 3:50,68479,26.46,45:09.8,346.3,15.10425,326.9995,4.322
30/3/17 4:00,68480,26.34,53:50.3,345.7,15.83919,323.7386,4.092
30/3/17 4:10,68481,23.52,03:36.9,332.3,11.84318,327.0786,3.953
30/3/17 4:20,68482,24.93,11:11.5,338.3,14.31084,325.9159,4.254
30/3/17 4:30,68483,29.16,27:47.9,323.8,14.80373,328.3067,4.802
30/3/17 4:40,68484,24.93,31:14.1,332.8,13.64946,325.0679,4.128
30/3/17 4:50,68485,24.46,44:01.3,336.2,12.96558,332.2904,4.47
30/3/17 5:00,68486,25.52,53:35.2,332.8,13.60436,332.7791,4.599
30/3/17 5:10,68487,20.34,30/3/17 5:04,322.9,10.879,331.1295,3.974
30/3/17 5:20,68488,20.82,14:13.1,327,12.23059,329.7263,3.796
30/3/17 5:30,68489,24.46,23:46.4,317.1,11.35992,334.5138,3.728
30/3/17 5:40,68490,18.11,33:52.9,318.8,11.0479,329.0648,3.313
30/3/17 5:50,68491,24.93,43:07.3,318.7,10.59756,330.971,4.336
30/3/17 6:00,68492,21.4,51:39.1,321.8,11.83379,333.801,3.822
30/3/17 6:10,68493,23.76,04:14.2,339.4,11.47875,330.27,3.881
30/3/17 6:20,68494,23.17,14:06.8,4.114,12.3606,330.9776,3.812
30/3/17 6:30,68495,27.52,29:46.1,318.8,11.27578,330.338,3.665
30/3/17 6:40,68496,22.34,30/3/17 6:33,322,11.62218,329.4235,3.867
30/3/17 6:50,68497,25.64,49:54.6,351,12.81396,328.0837,4.096
30/3/17 7:00,68498,20.46,58:26.5,328.4,11.28811,333.0574,3.389
30/3/17 7:10,68499,26.22,07:10.3,347.6,13.56834,333.4931,4.341
30/3/17 7:20,68500,25.64,18:33.1,304.3,15.11244,326.6062,4.429
30/3/17 7:30,68501,25.64,23:44.4,278.6,14.3846,326.0716,4.504
30/3/17 7:40,68502,26.46,31:43.2,338.6,13.65911,324.4818,4.075
30/3/17 7:50,68503,29.28,46:24.5,323.7,15.25279,326.1199,5.037
30/3/17 8:00,68504,26.34,51:31.2,311.6,16.24605,325.805,4.383
30/3/17 8:10,68505,27.4,02:27.8,314,16.2716,323.709,4.988
30/3/17 8:20,68506,30.69,18:51.4,339.5,14.99838,323.5671,4.76
30/3/17 8:30,68507,24.93,27:43.4,333,15.19465,323.1169,4.373
30/3/17 8:40,68508,27.99,33:59.1,311.3,16.03478,322.7269,4.813
30/3/17 8:50,68509,26.81,45:49.3,286,14.86899,320.6942,3.917
30/3/17 9:00,68510,25.05,57:52.5,317.1,14.54391,317.8257,4.271
30/3/17 9:10,68511,27.17,00:06.1,328.7,16.2049,324.0937,4.65
30/3/17 9:20,68512,30.46,10:59.9,298.7,15.52163,322.7666,5.161
30/3/17 9:30,68513,25.4,22:37.3,316.4,14.94841,322.8911,4.06
30/3/17 9:40,68514,21.17,39:23.9,353.6,12.80509,325.6092,3.4
30/3/17 9:50,68515,22.58,44:17.5,322.8,14.66082,323.9949,4.071
30/3/17 10:00,68516,24.46,51:58.6,309.2,14.4521,322.8883,4.719
30/3/17 10:10,68517,29.28,05:01.1,312.6,14.29335,319.3133,4.692
30/3/17 10:20,68518,28.34,16:44.8,316.2,15.81331,320.4563,4.705
30/3/17 10:30,68519,26.58,22:44.2,312.1,14.94656,327.2135,4.826
30/3/17 10:40,68520,25.87,39:54.6,335.7,14.76146,323.6819,4.148
30/3/17 10:50,68521,25.28,41:03.2,296.7,14.01632,321.1536,4.385
30/3/17 11:00,68522,20.93,51:36.3,315.5,12.19578,317.72,3.946